company_id,company_name,headquarters_country,ownership_status,capability_domain,business_model_summary,public_scale_metric,public_metric_period,public_source_url,strategic_gap_addressed,preferred_route,strategic_fit_score,financial_attractiveness_score,integration_feasibility_score,affordability_score,regulatory_complexity_score,innovation_score,time_to_value_score,size_score,strategic_rationale,key_risk,overall_opportunity_score,radar_status,scoring_method,scores_are_synthetic,opportunity_rank
FOURTHLINE,Fourthline,Netherlands,Private,KYC / AML / Identity,"AI-powered digital identity, KYC, AML and financial-crime compliance platform.",240+ employees; millions of KYC checks; company states 99.98% identity-check accuracy.,2026,https://www.fourthline.com/about-us,Digital onboarding; AML automation; fraud reduction; compliance efficiency,Acquisition / strategic investment candidate,93,83,89,79,58,92,91,42,"A focused capability acquisition could improve onboarding, compliance automation and customer experience with manageable integration scope.",Highly regulated identity stack and model-risk/governance requirements.,86.6,PRIORITY,Synthetic management assessment: 30% strategic fit + 15% financial attractiveness + 15% integration feasibility + 10% affordability + 15% innovation + 10% time-to-value + 5% inverse regulatory complexity.,True,1
BACKBASE,Backbase,Netherlands,Private,Digital Banking & Agentic AI,"AI-native banking operating system for customer, employee and AI-agent workflows.","Used by 120+ financial institutions across retail, commercial, private banking and wealth.",2026,https://www.backbase.com/about,Digital engagement; agentic AI; unified customer/front-office experience,Strategic partnership / minority investment,96,84,82,48,44,98,84,70,Highly aligned with the bank's desired AI-native direction and could accelerate front-end modernization without replacing the entire balance-sheet engine.,Platform dependency and integration with legacy core systems.,84.4,PRIORITY,Synthetic management assessment: 30% strategic fit + 15% financial attractiveness + 15% integration feasibility + 10% affordability + 15% innovation + 10% time-to-value + 5% inverse regulatory complexity.,True,2
SIGNICAT,Signicat,Norway,Private / PE-owned,Digital Identity,"European digital-identity and trust-services platform covering verification, authentication, signatures and orchestration.","21,000+ companies use Signicat; 500+ digital identity experts; Nordic Capital ownership.",2026,https://www.signicat.com/about,Cross-border digital identity; eID; authentication; trust services,Minority investment / partnership / acquisition watch,90,80,84,61,61,90,86,58,Adds scalable European identity infrastructure and helps support cross-border digital expansion.,"Sponsor ownership, valuation uncertainty and regulatory dependence on identity frameworks.",81.8,WATCH,Synthetic management assessment: 30% strategic fit + 15% financial attractiveness + 15% integration feasibility + 10% affordability + 15% innovation + 10% time-to-value + 5% inverse regulatory complexity.,True,3
MAMBU,Mambu,Netherlands / Germany,Private,Cloud Core Banking,"Cloud-native, composable core banking platform with API-first architecture.",Global cloud-native core platform; 99.99% uptime SLA and billions of API calls supported.,2026,https://mambu.com/en/cloud-banking-platform,Cloud core; modular product architecture; faster time to market,Strategic partnership / selective acquisition watch,94,78,78,52,48,95,81,66,Strong fit for a modular cloud transformation and a credible route toward more ING-like digital product velocity.,Migration complexity and need to coexist with legacy core architecture.,81.7,WATCH,Synthetic management assessment: 30% strategic fit + 15% financial attractiveness + 15% integration feasibility + 10% affordability + 15% innovation + 10% time-to-value + 5% inverse regulatory complexity.,True,4
MOLLIE,Mollie,Netherlands,Private,SME Payments & Financial Services,European payments and financial-services platform focused on businesses and merchant operations.,"After acquiring GoCardless in Sep 2026, group serves 350,000+ businesses across 30+ markets.",September 2026,https://www.mollie.com/news/mollie-and-gocardless,SME ecosystem; merchant payments; bank payments; business financing,Strategic partnership / minority investment / monitor,91,87,74,43,63,91,83,74,Would strengthen the SME proposition and embed payments deeper into business banking.,Rapid post-acquisition integration at Mollie and potential overlap with existing bank services.,79.6,WATCH,Synthetic management assessment: 30% strategic fit + 15% financial attractiveness + 15% integration feasibility + 10% affordability + 15% innovation + 10% time-to-value + 5% inverse regulatory complexity.,True,5
ADYEN,Adyen,Netherlands,Listed,Enterprise Payments & Money Movement,"Global financial technology platform combining payments, data and financial products.",H1 2026 net revenue €1.303bn; EBITDA €641.5m; processed volume €803.8bn.,H1 2026,https://www.adyen.com/press-and-media/adyen-publishes-h1-2026-financial-results-3wjne,Enterprise payments; intelligent money movement; agentic commerce,Strategic partnership / benchmark,95,96,67,12,66,99,74,98,"Excellent strategic benchmark for payments innovation, but acquisition economics are unrealistic for the fictional bank.",Very low affordability for an acquisition and strong standalone growth trajectory.,78.1,WATCH,Synthetic management assessment: 30% strategic fit + 15% financial attractiveness + 15% integration feasibility + 10% affordability + 15% innovation + 10% time-to-value + 5% inverse regulatory complexity.,True,6
WISE,Wise,United Kingdom,Listed,Cross-Border Payments,Global technology platform for cross-border money movement and multi-currency accounts.,FY2026 net revenue $2.5bn; 18.9m active customers; $243.5bn cross-border volume.,FY 2026,https://owners.wise.com/news-releases/news-release-details/wise-fy26-results,Cross-border payments; low-cost FX; SME international banking,Strategic partnership / minority investment,92,90,65,28,70,94,77,88,Strong route to ING-like international digital capability without requiring the bank to build a global payments network internally.,High valuation/size and overlap with regulated cross-border payments infrastructure.,76.9,WATCH,Synthetic management assessment: 30% strategic fit + 15% financial attractiveness + 15% integration feasibility + 10% affordability + 15% innovation + 10% time-to-value + 5% inverse regulatory complexity.,True,7
TEMENOS,Temenos,Switzerland,Listed,Core Banking Technology,"Global banking-software provider focused on core banking, SaaS and composable banking technology.",FY2025 pro-forma revenue $1.071bn; ARR $860m; free cash flow $256m.,FY 2025,https://www.temenos.com/online-summary/,Core modernization; composable banking; faster product launches,Strategic partnership / platform transformation,89,82,72,34,52,88,72,76,Directly supports the move toward a more scalable and digitally competitive universal-bank operating model.,Large-scale core migration risk and vendor dependency.,76.0,WATCH,Synthetic management assessment: 30% strategic fit + 15% financial attractiveness + 15% integration feasibility + 10% affordability + 15% innovation + 10% time-to-value + 5% inverse regulatory complexity.,True,8
WORLDLINE,Worldline,France,Listed,Payments Infrastructure,European payments infrastructure and merchant/financial-services platform.,H1 2026 published revenue €1.897bn; adjusted EBITDA €328m; net debt €1.165bn.,H1 2026,https://investors.worldline.com/en/home/news-events/financial-press-releases/2026/pr-2026_07_30_01,Payments scale; merchant acquiring; European payment infrastructure,Strategic partnership / carve-out watch,88,62,58,52,68,78,68,78,"Could accelerate European payments capabilities and merchant reach, but a full acquisition would be complex and capital intensive.","Turnaround execution, integration complexity and payments-regulation exposure.",69.7,SELECTIVE,Synthetic management assessment: 30% strategic fit + 15% financial attractiveness + 15% integration feasibility + 10% affordability + 15% innovation + 10% time-to-value + 5% inverse regulatory complexity.,True,9
NEXI,Nexi,Italy,Listed,Payments Infrastructure,"Large European PayTech serving merchants, banks, corporates and consumers.",FY2025 revenue €3.583bn; EBITDA €1.901bn; ~3m merchants; ~250 banks served.,FY 2025,https://www.nexigroup.com/en/investor-relations/overview/,Pan-European payments scale; issuing; acquiring; merchant solutions,Strategic partnership / monitor,86,79,48,38,72,74,61,90,"Strong strategic fit for European payments scale, but size makes a full transaction less realistic for the fictional bank.","Large transaction size, integration burden and regulatory complexity.",67.2,SELECTIVE,Synthetic management assessment: 30% strategic fit + 15% financial attractiveness + 15% integration feasibility + 10% affordability + 15% innovation + 10% time-to-value + 5% inverse regulatory complexity.,True,10
