position_id,issuer,issuer_country,asset_class,rating,accounting_classification,maturity_bucket,scenario_name,scenario_description,rate_shock_bps,credit_spread_shock_bps,total_yield_shock_bps,base_market_value_m,stressed_market_value_m,economic_value_impact_m,market_value_impact_pct,estimated_oci_impact_m,estimated_immediate_pnl_impact_m,accounting_impact_note
TRSY_001,BE Industrial A,Belgium,Corporate Bond,AA,FVOCI,2-5Y,Rates +25bps,Parallel EUR yield-curve increase of 25 bps.,25,0,25,647.628,641.75,-5.878,-0.9076,-5.878,0.0,Prototype assumption: market-value movement is reflected in OCI; no immediate P&L impact is modelled.
TRSY_001,BE Industrial A,Belgium,Corporate Bond,AA,FVOCI,2-5Y,Rates +50bps,Parallel EUR yield-curve increase of 50 bps.,50,0,50,647.628,635.942,-11.686,-1.8044,-11.686,0.0,Prototype assumption: market-value movement is reflected in OCI; no immediate P&L impact is modelled.
TRSY_001,BE Industrial A,Belgium,Corporate Bond,AA,FVOCI,2-5Y,Rates -50bps,Parallel EUR yield-curve decrease of 50 bps.,-50,0,-50,647.628,659.594,11.966,1.8476,11.966,0.0,Prototype assumption: market-value movement is reflected in OCI; no immediate P&L impact is modelled.
TRSY_001,BE Industrial A,Belgium,Corporate Bond,AA,FVOCI,2-5Y,Credit spreads +75bps,Credit spread widening of 75 bps on non-sovereign holdings.,0,75,75,647.628,630.204,-17.424,-2.6904,-17.424,0.0,Prototype assumption: market-value movement is reflected in OCI; no immediate P&L impact is modelled.
TRSY_001,BE Industrial A,Belgium,Corporate Bond,AA,FVOCI,2-5Y,Rates +50bps & spreads +75bps,Combined higher-rate and credit-spread stress.,50,75,125,647.628,618.939,-28.689,-4.4299,-28.689,0.0,Prototype assumption: market-value movement is reflected in OCI; no immediate P&L impact is modelled.
TRSY_002,NL Utility A,Netherlands,Corporate Bond,AA,FVOCI,2-5Y,Rates +25bps,Parallel EUR yield-curve increase of 25 bps.,25,0,25,1174.022,1165.775,-8.247,-0.7024,-8.247,0.0,Prototype assumption: market-value movement is reflected in OCI; no immediate P&L impact is modelled.
TRSY_002,NL Utility A,Netherlands,Corporate Bond,AA,FVOCI,2-5Y,Rates +50bps,Parallel EUR yield-curve increase of 50 bps.,50,0,50,1174.022,1157.608,-16.414,-1.3981,-16.414,0.0,Prototype assumption: market-value movement is reflected in OCI; no immediate P&L impact is modelled.
TRSY_002,NL Utility A,Netherlands,Corporate Bond,AA,FVOCI,2-5Y,Rates -50bps,Parallel EUR yield-curve decrease of 50 bps.,-50,0,-50,1174.022,1190.753,16.731,1.4251,16.731,0.0,Prototype assumption: market-value movement is reflected in OCI; no immediate P&L impact is modelled.
TRSY_002,NL Utility A,Netherlands,Corporate Bond,AA,FVOCI,2-5Y,Credit spreads +75bps,Credit spread widening of 75 bps on non-sovereign holdings.,0,75,75,1174.022,1149.521,-24.501,-2.087,-24.501,0.0,Prototype assumption: market-value movement is reflected in OCI; no immediate P&L impact is modelled.
TRSY_002,NL Utility A,Netherlands,Corporate Bond,AA,FVOCI,2-5Y,Rates +50bps & spreads +75bps,Combined higher-rate and credit-spread stress.,50,75,125,1174.022,1133.584,-40.438,-3.4444,-40.438,0.0,Prototype assumption: market-value movement is reflected in OCI; no immediate P&L impact is modelled.
TRSY_003,Federal Republic of Germany,Germany,Sovereign,AAA,FVOCI,2-5Y,Rates +25bps,Parallel EUR yield-curve increase of 25 bps.,25,0,25,1131.594,1123.561,-8.033,-0.7099,-8.033,0.0,Prototype assumption: market-value movement is reflected in OCI; no immediate P&L impact is modelled.
TRSY_003,Federal Republic of Germany,Germany,Sovereign,AAA,FVOCI,2-5Y,Rates +50bps,Parallel EUR yield-curve increase of 50 bps.,50,0,50,1131.594,1115.606,-15.988,-1.4129,-15.988,0.0,Prototype assumption: market-value movement is reflected in OCI; no immediate P&L impact is modelled.
TRSY_003,Federal Republic of Germany,Germany,Sovereign,AAA,FVOCI,2-5Y,Rates -50bps,Parallel EUR yield-curve decrease of 50 bps.,-50,0,-50,1131.594,1147.895,16.301,1.4405,16.301,0.0,Prototype assumption: market-value movement is reflected in OCI; no immediate P&L impact is modelled.
TRSY_003,Federal Republic of Germany,Germany,Sovereign,AAA,FVOCI,2-5Y,Credit spreads +75bps,Credit spread widening of 75 bps on non-sovereign holdings.,0,0,0,1131.594,1131.594,0.0,0.0,0.0,0.0,Prototype assumption: market-value movement is reflected in OCI; no immediate P&L impact is modelled.
TRSY_003,Federal Republic of Germany,Germany,Sovereign,AAA,FVOCI,2-5Y,Rates +50bps & spreads +75bps,Combined higher-rate and credit-spread stress.,50,0,50,1131.594,1115.606,-15.988,-1.4129,-15.988,0.0,Prototype assumption: market-value movement is reflected in OCI; no immediate P&L impact is modelled.
TRSY_004,DE Industrial A,Germany,Corporate Bond,BBB,FVOCI,2-5Y,Rates +25bps,Parallel EUR yield-curve increase of 25 bps.,25,0,25,249.467,246.748,-2.719,-1.0899,-2.719,0.0,Prototype assumption: market-value movement is reflected in OCI; no immediate P&L impact is modelled.
TRSY_004,DE Industrial A,Germany,Corporate Bond,BBB,FVOCI,2-5Y,Rates +50bps,Parallel EUR yield-curve increase of 50 bps.,50,0,50,249.467,244.067,-5.4,-2.1645,-5.4,0.0,Prototype assumption: market-value movement is reflected in OCI; no immediate P&L impact is modelled.
TRSY_004,DE Industrial A,Germany,Corporate Bond,BBB,FVOCI,2-5Y,Rates -50bps,Parallel EUR yield-curve decrease of 50 bps.,-50,0,-50,249.467,255.02,5.553,2.2258,5.553,0.0,Prototype assumption: market-value movement is reflected in OCI; no immediate P&L impact is modelled.
TRSY_004,DE Industrial A,Germany,Corporate Bond,BBB,FVOCI,2-5Y,Credit spreads +75bps,Credit spread widening of 75 bps on non-sovereign holdings.,0,75,75,249.467,241.425,-8.042,-3.2238,-8.042,0.0,Prototype assumption: market-value movement is reflected in OCI; no immediate P&L impact is modelled.
TRSY_004,DE Industrial A,Germany,Corporate Bond,BBB,FVOCI,2-5Y,Rates +50bps & spreads +75bps,Combined higher-rate and credit-spread stress.,50,75,125,249.467,236.254,-13.213,-5.2965,-13.213,0.0,Prototype assumption: market-value movement is reflected in OCI; no immediate P&L impact is modelled.
TRSY_005,DE Industrial A,Germany,Corporate Bond,BBB,FVOCI,10Y+,Rates +25bps,Parallel EUR yield-curve increase of 25 bps.,25,0,25,764.695,745.262,-19.433,-2.5413,-19.433,0.0,Prototype assumption: market-value movement is reflected in OCI; no immediate P&L impact is modelled.
TRSY_005,DE Industrial A,Germany,Corporate Bond,BBB,FVOCI,10Y+,Rates +50bps,Parallel EUR yield-curve increase of 50 bps.,50,0,50,764.695,726.496,-38.199,-4.9954,-38.199,0.0,Prototype assumption: market-value movement is reflected in OCI; no immediate P&L impact is modelled.
TRSY_005,DE Industrial A,Germany,Corporate Bond,BBB,FVOCI,10Y+,Rates -50bps,Parallel EUR yield-curve decrease of 50 bps.,-50,0,-50,764.695,805.563,40.868,5.3443,40.868,0.0,Prototype assumption: market-value movement is reflected in OCI; no immediate P&L impact is modelled.
TRSY_005,DE Industrial A,Germany,Corporate Bond,BBB,FVOCI,10Y+,Credit spreads +75bps,Credit spread widening of 75 bps on non-sovereign holdings.,0,75,75,764.695,708.397,-56.298,-7.3622,-56.298,0.0,Prototype assumption: market-value movement is reflected in OCI; no immediate P&L impact is modelled.
TRSY_005,DE Industrial A,Germany,Corporate Bond,BBB,FVOCI,10Y+,Rates +50bps & spreads +75bps,Combined higher-rate and credit-spread stress.,50,75,125,764.695,674.201,-90.494,-11.834,-90.494,0.0,Prototype assumption: market-value movement is reflected in OCI; no immediate P&L impact is modelled.
TRSY_006,NWB Bank,Netherlands,Agency/Supranational,AAA,Amortised Cost,2-5Y,Rates +25bps,Parallel EUR yield-curve increase of 25 bps.,25,0,25,3206.6,3176.875,-29.725,-0.927,0.0,0.0,Prototype assumption: market-rate valuation movement is economic value only; no immediate OCI/P&L impact is modelled.
TRSY_006,NWB Bank,Netherlands,Agency/Supranational,AAA,Amortised Cost,2-5Y,Rates +50bps,Parallel EUR yield-curve increase of 50 bps.,50,0,50,3206.6,3147.509,-59.091,-1.8428,0.0,0.0,Prototype assumption: market-rate valuation movement is economic value only; no immediate OCI/P&L impact is modelled.
TRSY_006,NWB Bank,Netherlands,Agency/Supranational,AAA,Amortised Cost,2-5Y,Rates -50bps,Parallel EUR yield-curve decrease of 50 bps.,-50,0,-50,3206.6,3267.124,60.524,1.8875,0.0,0.0,Prototype assumption: market-rate valuation movement is economic value only; no immediate OCI/P&L impact is modelled.
TRSY_006,NWB Bank,Netherlands,Agency/Supranational,AAA,Amortised Cost,2-5Y,Credit spreads +75bps,Credit spread widening of 75 bps on non-sovereign holdings.,0,75,75,3206.6,3118.5,-88.1,-2.7474,0.0,0.0,Prototype assumption: market-rate valuation movement is economic value only; no immediate OCI/P&L impact is modelled.
TRSY_006,NWB Bank,Netherlands,Agency/Supranational,AAA,Amortised Cost,2-5Y,Rates +50bps & spreads +75bps,Combined higher-rate and credit-spread stress.,50,75,125,3206.6,3061.558,-145.042,-4.5232,0.0,0.0,Prototype assumption: market-rate valuation movement is economic value only; no immediate OCI/P&L impact is modelled.
TRSY_007,FR Covered Bank A,France,Covered Bond,AA+,FVOCI,10Y+,Rates +25bps,Parallel EUR yield-curve increase of 25 bps.,25,0,25,416.479,406.926,-9.553,-2.2937,-9.553,0.0,Prototype assumption: market-value movement is reflected in OCI; no immediate P&L impact is modelled.
TRSY_007,FR Covered Bank A,France,Covered Bond,AA+,FVOCI,10Y+,Rates +50bps,Parallel EUR yield-curve increase of 50 bps.,50,0,50,416.479,397.654,-18.825,-4.52,-18.825,0.0,Prototype assumption: market-value movement is reflected in OCI; no immediate P&L impact is modelled.
TRSY_007,FR Covered Bank A,France,Covered Bond,AA+,FVOCI,10Y+,Rates -50bps,Parallel EUR yield-curve decrease of 50 bps.,-50,0,-50,416.479,436.427,19.948,4.7897,19.948,0.0,Prototype assumption: market-value movement is reflected in OCI; no immediate P&L impact is modelled.
TRSY_007,FR Covered Bank A,France,Covered Bond,AA+,FVOCI,10Y+,Credit spreads +75bps,Credit spread widening of 75 bps on non-sovereign holdings.,0,75,75,416.479,388.663,-27.816,-6.6789,-27.816,0.0,Prototype assumption: market-value movement is reflected in OCI; no immediate P&L impact is modelled.
TRSY_007,FR Covered Bank A,France,Covered Bond,AA+,FVOCI,10Y+,Rates +50bps & spreads +75bps,Combined higher-rate and credit-spread stress.,50,75,125,416.479,371.522,-44.957,-10.7944,-44.957,0.0,Prototype assumption: market-value movement is reflected in OCI; no immediate P&L impact is modelled.
TRSY_008,DE Auto A,Germany,Corporate Bond,A,Amortised Cost,5-10Y,Rates +25bps,Parallel EUR yield-curve increase of 25 bps.,25,0,25,3729.13,3673.488,-55.642,-1.4921,0.0,0.0,Prototype assumption: market-rate valuation movement is economic value only; no immediate OCI/P&L impact is modelled.
TRSY_008,DE Auto A,Germany,Corporate Bond,A,Amortised Cost,5-10Y,Rates +50bps,Parallel EUR yield-curve increase of 50 bps.,50,0,50,3729.13,3618.885,-110.245,-2.9563,0.0,0.0,Prototype assumption: market-rate valuation movement is economic value only; no immediate OCI/P&L impact is modelled.
TRSY_008,DE Auto A,Germany,Corporate Bond,A,Amortised Cost,5-10Y,Rates -50bps,Parallel EUR yield-curve decrease of 50 bps.,-50,0,-50,3729.13,3843.532,114.402,3.0678,0.0,0.0,Prototype assumption: market-rate valuation movement is economic value only; no immediate OCI/P&L impact is modelled.
TRSY_008,DE Auto A,Germany,Corporate Bond,A,Amortised Cost,5-10Y,Credit spreads +75bps,Credit spread widening of 75 bps on non-sovereign holdings.,0,75,75,3729.13,3565.321,-163.809,-4.3927,0.0,0.0,Prototype assumption: market-rate valuation movement is economic value only; no immediate OCI/P&L impact is modelled.
TRSY_008,DE Auto A,Germany,Corporate Bond,A,Amortised Cost,5-10Y,Rates +50bps & spreads +75bps,Combined higher-rate and credit-spread stress.,50,75,125,3729.13,3461.311,-267.819,-7.1818,0.0,0.0,Prototype assumption: market-rate valuation movement is economic value only; no immediate OCI/P&L impact is modelled.
TRSY_009,NL Covered Bank A,Netherlands,Covered Bond,AAA,FVOCI,2-5Y,Rates +25bps,Parallel EUR yield-curve increase of 25 bps.,25,0,25,1391.039,1381.188,-9.851,-0.7082,-9.851,0.0,Prototype assumption: market-value movement is reflected in OCI; no immediate P&L impact is modelled.
TRSY_009,NL Covered Bank A,Netherlands,Covered Bond,AAA,FVOCI,2-5Y,Rates +50bps,Parallel EUR yield-curve increase of 50 bps.,50,0,50,1391.039,1371.433,-19.606,-1.4095,-19.606,0.0,Prototype assumption: market-value movement is reflected in OCI; no immediate P&L impact is modelled.
TRSY_009,NL Covered Bank A,Netherlands,Covered Bond,AAA,FVOCI,2-5Y,Rates -50bps,Parallel EUR yield-curve decrease of 50 bps.,-50,0,-50,1391.039,1411.027,19.988,1.4369,19.988,0.0,Prototype assumption: market-value movement is reflected in OCI; no immediate P&L impact is modelled.
TRSY_009,NL Covered Bank A,Netherlands,Covered Bond,AAA,FVOCI,2-5Y,Credit spreads +75bps,Credit spread widening of 75 bps on non-sovereign holdings.,0,75,75,1391.039,1361.773,-29.266,-2.1039,-29.266,0.0,Prototype assumption: market-value movement is reflected in OCI; no immediate P&L impact is modelled.
TRSY_009,NL Covered Bank A,Netherlands,Covered Bond,AAA,FVOCI,2-5Y,Rates +50bps & spreads +75bps,Combined higher-rate and credit-spread stress.,50,75,125,1391.039,1342.739,-48.3,-3.4722,-48.3,0.0,Prototype assumption: market-value movement is reflected in OCI; no immediate P&L impact is modelled.
TRSY_010,Federal Republic of Germany,Germany,Sovereign,AA,FVOCI,2-5Y,Rates +25bps,Parallel EUR yield-curve increase of 25 bps.,25,0,25,857.324,851.214,-6.11,-0.7127,-6.11,0.0,Prototype assumption: market-value movement is reflected in OCI; no immediate P&L impact is modelled.
TRSY_010,Federal Republic of Germany,Germany,Sovereign,AA,FVOCI,2-5Y,Rates +50bps,Parallel EUR yield-curve increase of 50 bps.,50,0,50,857.324,845.163,-12.161,-1.4184,-12.161,0.0,Prototype assumption: market-value movement is reflected in OCI; no immediate P&L impact is modelled.
TRSY_010,Federal Republic of Germany,Germany,Sovereign,AA,FVOCI,2-5Y,Rates -50bps,Parallel EUR yield-curve decrease of 50 bps.,-50,0,-50,857.324,869.722,12.398,1.4462,12.398,0.0,Prototype assumption: market-value movement is reflected in OCI; no immediate P&L impact is modelled.
TRSY_010,Federal Republic of Germany,Germany,Sovereign,AA,FVOCI,2-5Y,Credit spreads +75bps,Credit spread widening of 75 bps on non-sovereign holdings.,0,0,0,857.324,857.324,0.0,0.0,0.0,0.0,Prototype assumption: market-value movement is reflected in OCI; no immediate P&L impact is modelled.
TRSY_010,Federal Republic of Germany,Germany,Sovereign,AA,FVOCI,2-5Y,Rates +50bps & spreads +75bps,Combined higher-rate and credit-spread stress.,50,0,50,857.324,845.163,-12.161,-1.4184,-12.161,0.0,Prototype assumption: market-value movement is reflected in OCI; no immediate P&L impact is modelled.
TRSY_011,KfW,Germany,Agency/Supranational,AAA,Amortised Cost,2-5Y,Rates +25bps,Parallel EUR yield-curve increase of 25 bps.,25,0,25,2473.761,2450.812,-22.949,-0.9277,0.0,0.0,Prototype assumption: market-rate valuation movement is economic value only; no immediate OCI/P&L impact is modelled.
TRSY_011,KfW,Germany,Agency/Supranational,AAA,Amortised Cost,2-5Y,Rates +50bps,Parallel EUR yield-curve increase of 50 bps.,50,0,50,2473.761,2428.141,-45.62,-1.8442,0.0,0.0,Prototype assumption: market-rate valuation movement is economic value only; no immediate OCI/P&L impact is modelled.
TRSY_011,KfW,Germany,Agency/Supranational,AAA,Amortised Cost,2-5Y,Rates -50bps,Parallel EUR yield-curve decrease of 50 bps.,-50,0,-50,2473.761,2520.489,46.728,1.8889,0.0,0.0,Prototype assumption: market-rate valuation movement is economic value only; no immediate OCI/P&L impact is modelled.
TRSY_011,KfW,Germany,Agency/Supranational,AAA,Amortised Cost,2-5Y,Credit spreads +75bps,Credit spread widening of 75 bps on non-sovereign holdings.,0,75,75,2473.761,2405.746,-68.015,-2.7495,0.0,0.0,Prototype assumption: market-rate valuation movement is economic value only; no immediate OCI/P&L impact is modelled.
TRSY_011,KfW,Germany,Agency/Supranational,AAA,Amortised Cost,2-5Y,Rates +50bps & spreads +75bps,Combined higher-rate and credit-spread stress.,50,75,125,2473.761,2361.786,-111.975,-4.5265,0.0,0.0,Prototype assumption: market-rate valuation movement is economic value only; no immediate OCI/P&L impact is modelled.
TRSY_012,NL Covered Bank A,Netherlands,Covered Bond,AAA,FVOCI,10Y+,Rates +25bps,Parallel EUR yield-curve increase of 25 bps.,25,0,25,2012.407,1955.96,-56.447,-2.8049,-56.447,0.0,Prototype assumption: market-value movement is reflected in OCI; no immediate P&L impact is modelled.
TRSY_012,NL Covered Bank A,Netherlands,Covered Bond,AAA,FVOCI,10Y+,Rates +50bps,Parallel EUR yield-curve increase of 50 bps.,50,0,50,2012.407,1901.549,-110.858,-5.5087,-110.858,0.0,Prototype assumption: market-value movement is reflected in OCI; no immediate P&L impact is modelled.
TRSY_012,NL Covered Bank A,Netherlands,Covered Bond,AAA,FVOCI,10Y+,Rates -50bps,Parallel EUR yield-curve decrease of 50 bps.,-50,0,-50,2012.407,2131.406,118.999,5.9133,118.999,0.0,Prototype assumption: market-value movement is reflected in OCI; no immediate P&L impact is modelled.
TRSY_012,NL Covered Bank A,Netherlands,Covered Bond,AAA,FVOCI,10Y+,Credit spreads +75bps,Credit spread widening of 75 bps on non-sovereign holdings.,0,75,75,2012.407,1849.173,-163.234,-8.1114,-163.234,0.0,Prototype assumption: market-value movement is reflected in OCI; no immediate P&L impact is modelled.
TRSY_012,NL Covered Bank A,Netherlands,Covered Bond,AAA,FVOCI,10Y+,Rates +50bps & spreads +75bps,Combined higher-rate and credit-spread stress.,50,75,125,2012.407,1750.527,-261.88,-13.0133,-261.88,0.0,Prototype assumption: market-value movement is reflected in OCI; no immediate P&L impact is modelled.
TRSY_013,BE Industrial A,Belgium,Corporate Bond,BBB,FVOCI,2-5Y,Rates +25bps,Parallel EUR yield-curve increase of 25 bps.,25,0,25,2280.61,2264.88,-15.73,-0.6897,-15.73,0.0,Prototype assumption: market-value movement is reflected in OCI; no immediate P&L impact is modelled.
TRSY_013,BE Industrial A,Belgium,Corporate Bond,BBB,FVOCI,2-5Y,Rates +50bps,Parallel EUR yield-curve increase of 50 bps.,50,0,50,2280.61,2249.299,-31.311,-1.3729,-31.311,0.0,Prototype assumption: market-value movement is reflected in OCI; no immediate P&L impact is modelled.
TRSY_013,BE Industrial A,Belgium,Corporate Bond,BBB,FVOCI,2-5Y,Rates -50bps,Parallel EUR yield-curve decrease of 50 bps.,-50,0,-50,2280.61,2312.52,31.91,1.3992,31.91,0.0,Prototype assumption: market-value movement is reflected in OCI; no immediate P&L impact is modelled.
TRSY_013,BE Industrial A,Belgium,Corporate Bond,BBB,FVOCI,2-5Y,Credit spreads +75bps,Credit spread widening of 75 bps on non-sovereign holdings.,0,75,75,2280.61,2233.868,-46.742,-2.0495,-46.742,0.0,Prototype assumption: market-value movement is reflected in OCI; no immediate P&L impact is modelled.
TRSY_013,BE Industrial A,Belgium,Corporate Bond,BBB,FVOCI,2-5Y,Rates +50bps & spreads +75bps,Combined higher-rate and credit-spread stress.,50,75,125,2280.61,2203.455,-77.155,-3.3831,-77.155,0.0,Prototype assumption: market-value movement is reflected in OCI; no immediate P&L impact is modelled.
TRSY_014,BNG Bank,Netherlands,Agency/Supranational,AAA,FVOCI,2-5Y,Rates +25bps,Parallel EUR yield-curve increase of 25 bps.,25,0,25,562.586,558.638,-3.948,-0.7018,-3.948,0.0,Prototype assumption: market-value movement is reflected in OCI; no immediate P&L impact is modelled.
TRSY_014,BNG Bank,Netherlands,Agency/Supranational,AAA,FVOCI,2-5Y,Rates +50bps,Parallel EUR yield-curve increase of 50 bps.,50,0,50,562.586,554.727,-7.859,-1.3969,-7.859,0.0,Prototype assumption: market-value movement is reflected in OCI; no immediate P&L impact is modelled.
TRSY_014,BNG Bank,Netherlands,Agency/Supranational,AAA,FVOCI,2-5Y,Rates -50bps,Parallel EUR yield-curve decrease of 50 bps.,-50,0,-50,562.586,570.597,8.011,1.424,8.011,0.0,Prototype assumption: market-value movement is reflected in OCI; no immediate P&L impact is modelled.
TRSY_014,BNG Bank,Netherlands,Agency/Supranational,AAA,FVOCI,2-5Y,Credit spreads +75bps,Credit spread widening of 75 bps on non-sovereign holdings.,0,75,75,562.586,550.855,-11.731,-2.0852,-11.731,0.0,Prototype assumption: market-value movement is reflected in OCI; no immediate P&L impact is modelled.
TRSY_014,BNG Bank,Netherlands,Agency/Supranational,AAA,FVOCI,2-5Y,Rates +50bps & spreads +75bps,Combined higher-rate and credit-spread stress.,50,75,125,562.586,543.226,-19.36,-3.4413,-19.36,0.0,Prototype assumption: market-value movement is reflected in OCI; no immediate P&L impact is modelled.
TRSY_015,Kingdom of Belgium,Belgium,Sovereign,AAA,FVOCI,2-5Y,Rates +25bps,Parallel EUR yield-curve increase of 25 bps.,25,0,25,2055.608,2032.841,-22.767,-1.1076,-22.767,0.0,Prototype assumption: market-value movement is reflected in OCI; no immediate P&L impact is modelled.
TRSY_015,Kingdom of Belgium,Belgium,Sovereign,AAA,FVOCI,2-5Y,Rates +50bps,Parallel EUR yield-curve increase of 50 bps.,50,0,50,2055.608,2010.398,-45.21,-2.1994,-45.21,0.0,Prototype assumption: market-value movement is reflected in OCI; no immediate P&L impact is modelled.
TRSY_015,Kingdom of Belgium,Belgium,Sovereign,AAA,FVOCI,2-5Y,Rates -50bps,Parallel EUR yield-curve decrease of 50 bps.,-50,0,-50,2055.608,2102.115,46.507,2.2624,46.507,0.0,Prototype assumption: market-value movement is reflected in OCI; no immediate P&L impact is modelled.
TRSY_015,Kingdom of Belgium,Belgium,Sovereign,AAA,FVOCI,2-5Y,Credit spreads +75bps,Credit spread widening of 75 bps on non-sovereign holdings.,0,0,0,2055.608,2055.608,0.0,0.0,0.0,0.0,Prototype assumption: market-value movement is reflected in OCI; no immediate P&L impact is modelled.
TRSY_015,Kingdom of Belgium,Belgium,Sovereign,AAA,FVOCI,2-5Y,Rates +50bps & spreads +75bps,Combined higher-rate and credit-spread stress.,50,0,50,2055.608,2010.398,-45.21,-2.1994,-45.21,0.0,Prototype assumption: market-value movement is reflected in OCI; no immediate P&L impact is modelled.
TRSY_016,EU Consumer A,Other EU,Corporate Bond,BBB,FVOCI,5-10Y,Rates +25bps,Parallel EUR yield-curve increase of 25 bps.,25,0,25,1184.011,1166.781,-17.23,-1.4552,-17.23,0.0,Prototype assumption: market-value movement is reflected in OCI; no immediate P&L impact is modelled.
TRSY_016,EU Consumer A,Other EU,Corporate Bond,BBB,FVOCI,5-10Y,Rates +50bps,Parallel EUR yield-curve increase of 50 bps.,50,0,50,1184.011,1149.868,-34.143,-2.8836,-34.143,0.0,Prototype assumption: market-value movement is reflected in OCI; no immediate P&L impact is modelled.
TRSY_016,EU Consumer A,Other EU,Corporate Bond,BBB,FVOCI,5-10Y,Rates -50bps,Parallel EUR yield-curve decrease of 50 bps.,-50,0,-50,1184.011,1219.424,35.413,2.991,35.413,0.0,Prototype assumption: market-value movement is reflected in OCI; no immediate P&L impact is modelled.
TRSY_016,EU Consumer A,Other EU,Corporate Bond,BBB,FVOCI,5-10Y,Credit spreads +75bps,Credit spread widening of 75 bps on non-sovereign holdings.,0,75,75,1184.011,1133.274,-50.737,-4.2852,-50.737,0.0,Prototype assumption: market-value movement is reflected in OCI; no immediate P&L impact is modelled.
TRSY_016,EU Consumer A,Other EU,Corporate Bond,BBB,FVOCI,5-10Y,Rates +50bps & spreads +75bps,Combined higher-rate and credit-spread stress.,50,75,125,1184.011,1101.038,-82.973,-7.0078,-82.973,0.0,Prototype assumption: market-value movement is reflected in OCI; no immediate P&L impact is modelled.
TRSY_017,Kingdom of Belgium,Belgium,Sovereign,AA+,FVOCI,5-10Y,Rates +25bps,Parallel EUR yield-curve increase of 25 bps.,25,0,25,2990.7,2929.526,-61.174,-2.0455,-61.174,0.0,Prototype assumption: market-value movement is reflected in OCI; no immediate P&L impact is modelled.
TRSY_017,Kingdom of Belgium,Belgium,Sovereign,AA+,FVOCI,5-10Y,Rates +50bps,Parallel EUR yield-curve increase of 50 bps.,50,0,50,2990.7,2869.912,-120.788,-4.0388,-120.788,0.0,Prototype assumption: market-value movement is reflected in OCI; no immediate P&L impact is modelled.
TRSY_017,Kingdom of Belgium,Belgium,Sovereign,AA+,FVOCI,5-10Y,Rates -50bps,Parallel EUR yield-curve decrease of 50 bps.,-50,0,-50,2990.7,3117.731,127.031,4.2475,127.031,0.0,Prototype assumption: market-value movement is reflected in OCI; no immediate P&L impact is modelled.
TRSY_017,Kingdom of Belgium,Belgium,Sovereign,AA+,FVOCI,5-10Y,Credit spreads +75bps,Credit spread widening of 75 bps on non-sovereign holdings.,0,0,0,2990.7,2990.7,0.0,0.0,0.0,0.0,Prototype assumption: market-value movement is reflected in OCI; no immediate P&L impact is modelled.
TRSY_017,Kingdom of Belgium,Belgium,Sovereign,AA+,FVOCI,5-10Y,Rates +50bps & spreads +75bps,Combined higher-rate and credit-spread stress.,50,0,50,2990.7,2869.912,-120.788,-4.0388,-120.788,0.0,Prototype assumption: market-value movement is reflected in OCI; no immediate P&L impact is modelled.
TRSY_018,Federal Republic of Germany,Germany,Sovereign,AA,FVOCI,2-5Y,Rates +25bps,Parallel EUR yield-curve increase of 25 bps.,25,0,25,1071.688,1059.455,-12.233,-1.1415,-12.233,0.0,Prototype assumption: market-value movement is reflected in OCI; no immediate P&L impact is modelled.
TRSY_018,Federal Republic of Germany,Germany,Sovereign,AA,FVOCI,2-5Y,Rates +50bps,Parallel EUR yield-curve increase of 50 bps.,50,0,50,1071.688,1047.398,-24.29,-2.2665,-24.29,0.0,Prototype assumption: market-value movement is reflected in OCI; no immediate P&L impact is modelled.
TRSY_018,Federal Republic of Germany,Germany,Sovereign,AA,FVOCI,2-5Y,Rates -50bps,Parallel EUR yield-curve decrease of 50 bps.,-50,0,-50,1071.688,1096.684,24.996,2.3324,24.996,0.0,Prototype assumption: market-value movement is reflected in OCI; no immediate P&L impact is modelled.
TRSY_018,Federal Republic of Germany,Germany,Sovereign,AA,FVOCI,2-5Y,Credit spreads +75bps,Credit spread widening of 75 bps on non-sovereign holdings.,0,0,0,1071.688,1071.688,0.0,0.0,0.0,0.0,Prototype assumption: market-value movement is reflected in OCI; no immediate P&L impact is modelled.
TRSY_018,Federal Republic of Germany,Germany,Sovereign,AA,FVOCI,2-5Y,Rates +50bps & spreads +75bps,Combined higher-rate and credit-spread stress.,50,0,50,1071.688,1047.398,-24.29,-2.2665,-24.29,0.0,Prototype assumption: market-value movement is reflected in OCI; no immediate P&L impact is modelled.
TRSY_019,Kingdom of Belgium,Belgium,Sovereign,AA,Amortised Cost,0-2Y,Rates +25bps,Parallel EUR yield-curve increase of 25 bps.,25,0,25,1047.649,1045.104,-2.545,-0.2429,0.0,0.0,Prototype assumption: market-rate valuation movement is economic value only; no immediate OCI/P&L impact is modelled.
TRSY_019,Kingdom of Belgium,Belgium,Sovereign,AA,Amortised Cost,0-2Y,Rates +50bps,Parallel EUR yield-curve increase of 50 bps.,50,0,50,1047.649,1042.572,-5.077,-0.4846,0.0,0.0,Prototype assumption: market-rate valuation movement is economic value only; no immediate OCI/P&L impact is modelled.
TRSY_019,Kingdom of Belgium,Belgium,Sovereign,AA,Amortised Cost,0-2Y,Rates -50bps,Parallel EUR yield-curve decrease of 50 bps.,-50,0,-50,1047.649,1052.776,5.127,0.4894,0.0,0.0,Prototype assumption: market-rate valuation movement is economic value only; no immediate OCI/P&L impact is modelled.
TRSY_019,Kingdom of Belgium,Belgium,Sovereign,AA,Amortised Cost,0-2Y,Credit spreads +75bps,Credit spread widening of 75 bps on non-sovereign holdings.,0,0,0,1047.649,1047.649,0.0,0.0,0.0,0.0,Prototype assumption: market-rate valuation movement is economic value only; no immediate OCI/P&L impact is modelled.
TRSY_019,Kingdom of Belgium,Belgium,Sovereign,AA,Amortised Cost,0-2Y,Rates +50bps & spreads +75bps,Combined higher-rate and credit-spread stress.,50,0,50,1047.649,1042.572,-5.077,-0.4846,0.0,0.0,Prototype assumption: market-rate valuation movement is economic value only; no immediate OCI/P&L impact is modelled.
TRSY_020,BE Covered Bank A,Belgium,Covered Bond,AAA,Amortised Cost,5-10Y,Rates +25bps,Parallel EUR yield-curve increase of 25 bps.,25,0,25,2589.701,2545.884,-43.817,-1.692,0.0,0.0,Prototype assumption: market-rate valuation movement is economic value only; no immediate OCI/P&L impact is modelled.
TRSY_020,BE Covered Bank A,Belgium,Covered Bond,AAA,Amortised Cost,5-10Y,Rates +50bps,Parallel EUR yield-curve increase of 50 bps.,50,0,50,2589.701,2502.99,-86.711,-3.3483,0.0,0.0,Prototype assumption: market-rate valuation movement is economic value only; no immediate OCI/P&L impact is modelled.
TRSY_020,BE Covered Bank A,Belgium,Covered Bond,AAA,Amortised Cost,5-10Y,Rates -50bps,Parallel EUR yield-curve decrease of 50 bps.,-50,0,-50,2589.701,2680.104,90.403,3.4909,0.0,0.0,Prototype assumption: market-rate valuation movement is economic value only; no immediate OCI/P&L impact is modelled.
TRSY_020,BE Covered Bank A,Belgium,Covered Bond,AAA,Amortised Cost,5-10Y,Credit spreads +75bps,Credit spread widening of 75 bps on non-sovereign holdings.,0,75,75,2589.701,2461.018,-128.683,-4.969,0.0,0.0,Prototype assumption: market-rate valuation movement is economic value only; no immediate OCI/P&L impact is modelled.
TRSY_020,BE Covered Bank A,Belgium,Covered Bond,AAA,Amortised Cost,5-10Y,Rates +50bps & spreads +75bps,Combined higher-rate and credit-spread stress.,50,75,125,2589.701,2379.844,-209.857,-8.1035,0.0,0.0,Prototype assumption: market-rate valuation movement is economic value only; no immediate OCI/P&L impact is modelled.
TRSY_021,BE Industrial A,Belgium,Corporate Bond,AA,Amortised Cost,2-5Y,Rates +25bps,Parallel EUR yield-curve increase of 25 bps.,25,0,25,1927.373,1909.583,-17.79,-0.923,0.0,0.0,Prototype assumption: market-rate valuation movement is economic value only; no immediate OCI/P&L impact is modelled.
TRSY_021,BE Industrial A,Belgium,Corporate Bond,AA,Amortised Cost,2-5Y,Rates +50bps,Parallel EUR yield-curve increase of 50 bps.,50,0,50,1927.373,1892.006,-35.367,-1.835,0.0,0.0,Prototype assumption: market-rate valuation movement is economic value only; no immediate OCI/P&L impact is modelled.
TRSY_021,BE Industrial A,Belgium,Corporate Bond,AA,Amortised Cost,2-5Y,Rates -50bps,Parallel EUR yield-curve decrease of 50 bps.,-50,0,-50,1927.373,1963.593,36.22,1.8792,0.0,0.0,Prototype assumption: market-rate valuation movement is economic value only; no immediate OCI/P&L impact is modelled.
TRSY_021,BE Industrial A,Belgium,Corporate Bond,AA,Amortised Cost,2-5Y,Credit spreads +75bps,Credit spread widening of 75 bps on non-sovereign holdings.,0,75,75,1927.373,1874.643,-52.73,-2.7358,0.0,0.0,Prototype assumption: market-rate valuation movement is economic value only; no immediate OCI/P&L impact is modelled.
TRSY_021,BE Industrial A,Belgium,Corporate Bond,AA,Amortised Cost,2-5Y,Rates +50bps & spreads +75bps,Combined higher-rate and credit-spread stress.,50,75,125,1927.373,1840.556,-86.817,-4.5044,0.0,0.0,Prototype assumption: market-rate valuation movement is economic value only; no immediate OCI/P&L impact is modelled.
TRSY_022,DE Pfandbrief Bank A,Germany,Covered Bond,AAA,FVOCI,2-5Y,Rates +25bps,Parallel EUR yield-curve increase of 25 bps.,25,0,25,3759.949,3717.084,-42.865,-1.14,-42.865,0.0,Prototype assumption: market-value movement is reflected in OCI; no immediate P&L impact is modelled.
TRSY_022,DE Pfandbrief Bank A,Germany,Covered Bond,AAA,FVOCI,2-5Y,Rates +50bps,Parallel EUR yield-curve increase of 50 bps.,50,0,50,3759.949,3674.836,-85.113,-2.2637,-85.113,0.0,Prototype assumption: market-value movement is reflected in OCI; no immediate P&L impact is modelled.
TRSY_022,DE Pfandbrief Bank A,Germany,Covered Bond,AAA,FVOCI,2-5Y,Rates -50bps,Parallel EUR yield-curve decrease of 50 bps.,-50,0,-50,3759.949,3847.53,87.581,2.3293,87.581,0.0,Prototype assumption: market-value movement is reflected in OCI; no immediate P&L impact is modelled.
TRSY_022,DE Pfandbrief Bank A,Germany,Covered Bond,AAA,FVOCI,2-5Y,Credit spreads +75bps,Credit spread widening of 75 bps on non-sovereign holdings.,0,75,75,3759.949,3633.204,-126.745,-3.3709,-126.745,0.0,Prototype assumption: market-value movement is reflected in OCI; no immediate P&L impact is modelled.
TRSY_022,DE Pfandbrief Bank A,Germany,Covered Bond,AAA,FVOCI,2-5Y,Rates +50bps & spreads +75bps,Combined higher-rate and credit-spread stress.,50,75,125,3759.949,3551.792,-208.157,-5.5362,-208.157,0.0,Prototype assumption: market-value movement is reflected in OCI; no immediate P&L impact is modelled.
TRSY_023,FR Energy A,France,Corporate Bond,A,Amortised Cost,2-5Y,Rates +25bps,Parallel EUR yield-curve increase of 25 bps.,25,0,25,4109.576,4072.993,-36.583,-0.8902,0.0,0.0,Prototype assumption: market-rate valuation movement is economic value only; no immediate OCI/P&L impact is modelled.
TRSY_023,FR Energy A,France,Corporate Bond,A,Amortised Cost,2-5Y,Rates +50bps,Parallel EUR yield-curve increase of 50 bps.,50,0,50,4109.576,4036.841,-72.735,-1.7699,0.0,0.0,Prototype assumption: market-rate valuation movement is economic value only; no immediate OCI/P&L impact is modelled.
TRSY_023,FR Energy A,France,Corporate Bond,A,Amortised Cost,2-5Y,Rates -50bps,Parallel EUR yield-curve decrease of 50 bps.,-50,0,-50,4109.576,4184.038,74.462,1.8119,0.0,0.0,Prototype assumption: market-rate valuation movement is economic value only; no immediate OCI/P&L impact is modelled.
TRSY_023,FR Energy A,France,Corporate Bond,A,Amortised Cost,2-5Y,Credit spreads +75bps,Credit spread widening of 75 bps on non-sovereign holdings.,0,75,75,4109.576,4001.121,-108.455,-2.6391,0.0,0.0,Prototype assumption: market-rate valuation movement is economic value only; no immediate OCI/P&L impact is modelled.
TRSY_023,FR Energy A,France,Corporate Bond,A,Amortised Cost,2-5Y,Rates +50bps & spreads +75bps,Combined higher-rate and credit-spread stress.,50,75,125,4109.576,3930.977,-178.599,-4.3459,0.0,0.0,Prototype assumption: market-rate valuation movement is economic value only; no immediate OCI/P&L impact is modelled.
TRSY_024,Kingdom of Belgium,Belgium,Sovereign,AAA,FVOCI,5-10Y,Rates +25bps,Parallel EUR yield-curve increase of 25 bps.,25,0,25,1692.31,1663.589,-28.721,-1.6971,-28.721,0.0,Prototype assumption: market-value movement is reflected in OCI; no immediate P&L impact is modelled.
TRSY_024,Kingdom of Belgium,Belgium,Sovereign,AAA,FVOCI,5-10Y,Rates +50bps,Parallel EUR yield-curve increase of 50 bps.,50,0,50,1692.31,1635.475,-56.835,-3.3584,-56.835,0.0,Prototype assumption: market-value movement is reflected in OCI; no immediate P&L impact is modelled.
TRSY_024,Kingdom of Belgium,Belgium,Sovereign,AAA,FVOCI,5-10Y,Rates -50bps,Parallel EUR yield-curve decrease of 50 bps.,-50,0,-50,1692.31,1751.569,59.259,3.5017,59.259,0.0,Prototype assumption: market-value movement is reflected in OCI; no immediate P&L impact is modelled.
TRSY_024,Kingdom of Belgium,Belgium,Sovereign,AAA,FVOCI,5-10Y,Credit spreads +75bps,Credit spread widening of 75 bps on non-sovereign holdings.,0,0,0,1692.31,1692.31,0.0,0.0,0.0,0.0,Prototype assumption: market-value movement is reflected in OCI; no immediate P&L impact is modelled.
TRSY_024,Kingdom of Belgium,Belgium,Sovereign,AAA,FVOCI,5-10Y,Rates +50bps & spreads +75bps,Combined higher-rate and credit-spread stress.,50,0,50,1692.31,1635.475,-56.835,-3.3584,-56.835,0.0,Prototype assumption: market-value movement is reflected in OCI; no immediate P&L impact is modelled.
TRSY_025,Kingdom of the Netherlands,Netherlands,Sovereign,AA+,FVOCI,2-5Y,Rates +25bps,Parallel EUR yield-curve increase of 25 bps.,25,0,25,1323.631,1314.293,-9.338,-0.7055,-9.338,0.0,Prototype assumption: market-value movement is reflected in OCI; no immediate P&L impact is modelled.
TRSY_025,Kingdom of the Netherlands,Netherlands,Sovereign,AA+,FVOCI,2-5Y,Rates +50bps,Parallel EUR yield-curve increase of 50 bps.,50,0,50,1323.631,1305.045,-18.586,-1.4042,-18.586,0.0,Prototype assumption: market-value movement is reflected in OCI; no immediate P&L impact is modelled.
TRSY_025,Kingdom of the Netherlands,Netherlands,Sovereign,AA+,FVOCI,2-5Y,Rates -50bps,Parallel EUR yield-curve decrease of 50 bps.,-50,0,-50,1323.631,1342.579,18.948,1.4315,18.948,0.0,Prototype assumption: market-value movement is reflected in OCI; no immediate P&L impact is modelled.
TRSY_025,Kingdom of the Netherlands,Netherlands,Sovereign,AA+,FVOCI,2-5Y,Credit spreads +75bps,Credit spread widening of 75 bps on non-sovereign holdings.,0,0,0,1323.631,1323.631,0.0,0.0,0.0,0.0,Prototype assumption: market-value movement is reflected in OCI; no immediate P&L impact is modelled.
TRSY_025,Kingdom of the Netherlands,Netherlands,Sovereign,AA+,FVOCI,2-5Y,Rates +50bps & spreads +75bps,Combined higher-rate and credit-spread stress.,50,0,50,1323.631,1305.045,-18.586,-1.4042,-18.586,0.0,Prototype assumption: market-value movement is reflected in OCI; no immediate P&L impact is modelled.
TRSY_026,Federal Republic of Germany,Germany,Sovereign,AAA,FVOCI,2-5Y,Rates +25bps,Parallel EUR yield-curve increase of 25 bps.,25,0,25,95.571,94.672,-0.899,-0.9408,-0.899,0.0,Prototype assumption: market-value movement is reflected in OCI; no immediate P&L impact is modelled.
TRSY_026,Federal Republic of Germany,Germany,Sovereign,AAA,FVOCI,2-5Y,Rates +50bps,Parallel EUR yield-curve increase of 50 bps.,50,0,50,95.571,93.784,-1.787,-1.8702,-1.787,0.0,Prototype assumption: market-value movement is reflected in OCI; no immediate P&L impact is modelled.
TRSY_026,Federal Republic of Germany,Germany,Sovereign,AAA,FVOCI,2-5Y,Rates -50bps,Parallel EUR yield-curve decrease of 50 bps.,-50,0,-50,95.571,97.402,1.831,1.9159,1.831,0.0,Prototype assumption: market-value movement is reflected in OCI; no immediate P&L impact is modelled.
TRSY_026,Federal Republic of Germany,Germany,Sovereign,AAA,FVOCI,2-5Y,Credit spreads +75bps,Credit spread widening of 75 bps on non-sovereign holdings.,0,0,0,95.571,95.571,0.0,0.0,0.0,0.0,Prototype assumption: market-value movement is reflected in OCI; no immediate P&L impact is modelled.
TRSY_026,Federal Republic of Germany,Germany,Sovereign,AAA,FVOCI,2-5Y,Rates +50bps & spreads +75bps,Combined higher-rate and credit-spread stress.,50,0,50,95.571,93.784,-1.787,-1.8702,-1.787,0.0,Prototype assumption: market-value movement is reflected in OCI; no immediate P&L impact is modelled.
TRSY_027,Kingdom of the Netherlands,Netherlands,Sovereign,AAA,Amortised Cost,5-10Y,Rates +25bps,Parallel EUR yield-curve increase of 25 bps.,25,0,25,1052.397,1036.307,-16.09,-1.5289,0.0,0.0,Prototype assumption: market-rate valuation movement is economic value only; no immediate OCI/P&L impact is modelled.
TRSY_027,Kingdom of the Netherlands,Netherlands,Sovereign,AAA,Amortised Cost,5-10Y,Rates +50bps,Parallel EUR yield-curve increase of 50 bps.,50,0,50,1052.397,1020.523,-31.874,-3.0287,0.0,0.0,Prototype assumption: market-rate valuation movement is economic value only; no immediate OCI/P&L impact is modelled.
TRSY_027,Kingdom of the Netherlands,Netherlands,Sovereign,AAA,Amortised Cost,5-10Y,Rates -50bps,Parallel EUR yield-curve decrease of 50 bps.,-50,0,-50,1052.397,1085.491,33.094,3.1447,0.0,0.0,Prototype assumption: market-rate valuation movement is economic value only; no immediate OCI/P&L impact is modelled.
TRSY_027,Kingdom of the Netherlands,Netherlands,Sovereign,AAA,Amortised Cost,5-10Y,Credit spreads +75bps,Credit spread widening of 75 bps on non-sovereign holdings.,0,0,0,1052.397,1052.397,0.0,0.0,0.0,0.0,Prototype assumption: market-rate valuation movement is economic value only; no immediate OCI/P&L impact is modelled.
TRSY_027,Kingdom of the Netherlands,Netherlands,Sovereign,AAA,Amortised Cost,5-10Y,Rates +50bps & spreads +75bps,Combined higher-rate and credit-spread stress.,50,0,50,1052.397,1020.523,-31.874,-3.0287,0.0,0.0,Prototype assumption: market-rate valuation movement is economic value only; no immediate OCI/P&L impact is modelled.
TRSY_028,Federal Republic of Germany,Germany,Sovereign,AA,Amortised Cost,5-10Y,Rates +25bps,Parallel EUR yield-curve increase of 25 bps.,25,0,25,2395.265,2357.758,-37.507,-1.5659,0.0,0.0,Prototype assumption: market-rate valuation movement is economic value only; no immediate OCI/P&L impact is modelled.
TRSY_028,Federal Republic of Germany,Germany,Sovereign,AA,Amortised Cost,5-10Y,Rates +50bps,Parallel EUR yield-curve increase of 50 bps.,50,0,50,2395.265,2320.969,-74.296,-3.1018,0.0,0.0,Prototype assumption: market-rate valuation movement is economic value only; no immediate OCI/P&L impact is modelled.
TRSY_028,Federal Republic of Germany,Germany,Sovereign,AA,Amortised Cost,5-10Y,Rates -50bps,Parallel EUR yield-curve decrease of 50 bps.,-50,0,-50,2395.265,2472.432,77.167,3.2216,0.0,0.0,Prototype assumption: market-rate valuation movement is economic value only; no immediate OCI/P&L impact is modelled.
TRSY_028,Federal Republic of Germany,Germany,Sovereign,AA,Amortised Cost,5-10Y,Credit spreads +75bps,Credit spread widening of 75 bps on non-sovereign holdings.,0,0,0,2395.265,2395.265,0.0,0.0,0.0,0.0,Prototype assumption: market-rate valuation movement is economic value only; no immediate OCI/P&L impact is modelled.
TRSY_028,Federal Republic of Germany,Germany,Sovereign,AA,Amortised Cost,5-10Y,Rates +50bps & spreads +75bps,Combined higher-rate and credit-spread stress.,50,0,50,2395.265,2320.969,-74.296,-3.1018,0.0,0.0,Prototype assumption: market-rate valuation movement is economic value only; no immediate OCI/P&L impact is modelled.
TRSY_029,Federal Republic of Germany,Germany,Sovereign,AA+,FVOCI,10Y+,Rates +25bps,Parallel EUR yield-curve increase of 25 bps.,25,0,25,3093.945,3017.717,-76.228,-2.4638,-76.228,0.0,Prototype assumption: market-value movement is reflected in OCI; no immediate P&L impact is modelled.
TRSY_029,Federal Republic of Germany,Germany,Sovereign,AA+,FVOCI,10Y+,Rates +50bps,Parallel EUR yield-curve increase of 50 bps.,50,0,50,3093.945,2943.801,-150.144,-4.8528,-150.144,0.0,Prototype assumption: market-value movement is reflected in OCI; no immediate P&L impact is modelled.
TRSY_029,Federal Republic of Germany,Germany,Sovereign,AA+,FVOCI,10Y+,Rates -50bps,Parallel EUR yield-curve decrease of 50 bps.,-50,0,-50,3093.945,3253.338,159.393,5.1518,159.393,0.0,Prototype assumption: market-value movement is reflected in OCI; no immediate P&L impact is modelled.
TRSY_029,Federal Republic of Germany,Germany,Sovereign,AA+,FVOCI,10Y+,Credit spreads +75bps,Credit spread widening of 75 bps on non-sovereign holdings.,0,0,0,3093.945,3093.945,0.0,0.0,0.0,0.0,Prototype assumption: market-value movement is reflected in OCI; no immediate P&L impact is modelled.
TRSY_029,Federal Republic of Germany,Germany,Sovereign,AA+,FVOCI,10Y+,Rates +50bps & spreads +75bps,Combined higher-rate and credit-spread stress.,50,0,50,3093.945,2943.801,-150.144,-4.8528,-150.144,0.0,Prototype assumption: market-value movement is reflected in OCI; no immediate P&L impact is modelled.
TRSY_030,Federal Republic of Germany,Germany,Sovereign,AAA,FVOCI,0-2Y,Rates +25bps,Parallel EUR yield-curve increase of 25 bps.,25,0,25,2202.975,2197.614,-5.361,-0.2434,-5.361,0.0,Prototype assumption: market-value movement is reflected in OCI; no immediate P&L impact is modelled.
TRSY_030,Federal Republic of Germany,Germany,Sovereign,AAA,FVOCI,0-2Y,Rates +50bps,Parallel EUR yield-curve increase of 50 bps.,50,0,50,2202.975,2192.279,-10.696,-0.4855,-10.696,0.0,Prototype assumption: market-value movement is reflected in OCI; no immediate P&L impact is modelled.
TRSY_030,Federal Republic of Germany,Germany,Sovereign,AAA,FVOCI,0-2Y,Rates -50bps,Parallel EUR yield-curve decrease of 50 bps.,-50,0,-50,2202.975,2213.776,10.801,0.4903,10.801,0.0,Prototype assumption: market-value movement is reflected in OCI; no immediate P&L impact is modelled.
TRSY_030,Federal Republic of Germany,Germany,Sovereign,AAA,FVOCI,0-2Y,Credit spreads +75bps,Credit spread widening of 75 bps on non-sovereign holdings.,0,0,0,2202.975,2202.975,0.0,0.0,0.0,0.0,Prototype assumption: market-value movement is reflected in OCI; no immediate P&L impact is modelled.
TRSY_030,Federal Republic of Germany,Germany,Sovereign,AAA,FVOCI,0-2Y,Rates +50bps & spreads +75bps,Combined higher-rate and credit-spread stress.,50,0,50,2202.975,2192.279,-10.696,-0.4855,-10.696,0.0,Prototype assumption: market-value movement is reflected in OCI; no immediate P&L impact is modelled.
TRSY_031,Kingdom of the Netherlands,Netherlands,Sovereign,AA,FVOCI,5-10Y,Rates +25bps,Parallel EUR yield-curve increase of 25 bps.,25,0,25,1156.354,1138.479,-17.875,-1.5458,-17.875,0.0,Prototype assumption: market-value movement is reflected in OCI; no immediate P&L impact is modelled.
TRSY_031,Kingdom of the Netherlands,Netherlands,Sovereign,AA,FVOCI,5-10Y,Rates +50bps,Parallel EUR yield-curve increase of 50 bps.,50,0,50,1156.354,1120.945,-35.409,-3.0621,-35.409,0.0,Prototype assumption: market-value movement is reflected in OCI; no immediate P&L impact is modelled.
TRSY_031,Kingdom of the Netherlands,Netherlands,Sovereign,AA,FVOCI,5-10Y,Rates -50bps,Parallel EUR yield-curve decrease of 50 bps.,-50,0,-50,1156.354,1193.125,36.771,3.1799,36.771,0.0,Prototype assumption: market-value movement is reflected in OCI; no immediate P&L impact is modelled.
TRSY_031,Kingdom of the Netherlands,Netherlands,Sovereign,AA,FVOCI,5-10Y,Credit spreads +75bps,Credit spread widening of 75 bps on non-sovereign holdings.,0,0,0,1156.354,1156.354,0.0,0.0,0.0,0.0,Prototype assumption: market-value movement is reflected in OCI; no immediate P&L impact is modelled.
TRSY_031,Kingdom of the Netherlands,Netherlands,Sovereign,AA,FVOCI,5-10Y,Rates +50bps & spreads +75bps,Combined higher-rate and credit-spread stress.,50,0,50,1156.354,1120.945,-35.409,-3.0621,-35.409,0.0,Prototype assumption: market-value movement is reflected in OCI; no immediate P&L impact is modelled.
TRSY_032,NL Utility A,Netherlands,Corporate Bond,AA,FVOCI,0-2Y,Rates +25bps,Parallel EUR yield-curve increase of 25 bps.,25,0,25,1397.982,1394.605,-3.377,-0.2416,-3.377,0.0,Prototype assumption: market-value movement is reflected in OCI; no immediate P&L impact is modelled.
TRSY_032,NL Utility A,Netherlands,Corporate Bond,AA,FVOCI,0-2Y,Rates +50bps,Parallel EUR yield-curve increase of 50 bps.,50,0,50,1397.982,1391.244,-6.738,-0.482,-6.738,0.0,Prototype assumption: market-value movement is reflected in OCI; no immediate P&L impact is modelled.
TRSY_032,NL Utility A,Netherlands,Corporate Bond,AA,FVOCI,0-2Y,Rates -50bps,Parallel EUR yield-curve decrease of 50 bps.,-50,0,-50,1397.982,1404.785,6.803,0.4866,6.803,0.0,Prototype assumption: market-value movement is reflected in OCI; no immediate P&L impact is modelled.
TRSY_032,NL Utility A,Netherlands,Corporate Bond,AA,FVOCI,0-2Y,Credit spreads +75bps,Credit spread widening of 75 bps on non-sovereign holdings.,0,75,75,1397.982,1387.9,-10.082,-0.7212,-10.082,0.0,Prototype assumption: market-value movement is reflected in OCI; no immediate P&L impact is modelled.
TRSY_032,NL Utility A,Netherlands,Corporate Bond,AA,FVOCI,0-2Y,Rates +50bps & spreads +75bps,Combined higher-rate and credit-spread stress.,50,75,125,1397.982,1381.261,-16.721,-1.1961,-16.721,0.0,Prototype assumption: market-value movement is reflected in OCI; no immediate P&L impact is modelled.
TRSY_033,Flanders Funding Agency,Belgium,Agency/Supranational,AAA,FVOCI,5-10Y,Rates +25bps,Parallel EUR yield-curve increase of 25 bps.,25,0,25,2829.704,2781.338,-48.366,-1.7092,-48.366,0.0,Prototype assumption: market-value movement is reflected in OCI; no immediate P&L impact is modelled.
TRSY_033,Flanders Funding Agency,Belgium,Agency/Supranational,AAA,FVOCI,5-10Y,Rates +50bps,Parallel EUR yield-curve increase of 50 bps.,50,0,50,2829.704,2733.996,-95.708,-3.3823,-95.708,0.0,Prototype assumption: market-value movement is reflected in OCI; no immediate P&L impact is modelled.
TRSY_033,Flanders Funding Agency,Belgium,Agency/Supranational,AAA,FVOCI,5-10Y,Rates -50bps,Parallel EUR yield-curve decrease of 50 bps.,-50,0,-50,2829.704,2929.508,99.804,3.527,99.804,0.0,Prototype assumption: market-value movement is reflected in OCI; no immediate P&L impact is modelled.
TRSY_033,Flanders Funding Agency,Belgium,Agency/Supranational,AAA,FVOCI,5-10Y,Credit spreads +75bps,Credit spread widening of 75 bps on non-sovereign holdings.,0,75,75,2829.704,2687.677,-142.027,-5.0191,-142.027,0.0,Prototype assumption: market-value movement is reflected in OCI; no immediate P&L impact is modelled.
TRSY_033,Flanders Funding Agency,Belgium,Agency/Supranational,AAA,FVOCI,5-10Y,Rates +50bps & spreads +75bps,Combined higher-rate and credit-spread stress.,50,75,125,2829.704,2598.113,-231.591,-8.1843,-231.591,0.0,Prototype assumption: market-value movement is reflected in OCI; no immediate P&L impact is modelled.
TRSY_034,Federal Republic of Germany,Germany,Sovereign,AAA,FVOCI,2-5Y,Rates +25bps,Parallel EUR yield-curve increase of 25 bps.,25,0,25,1853.549,1832.616,-20.933,-1.1293,-20.933,0.0,Prototype assumption: market-value movement is reflected in OCI; no immediate P&L impact is modelled.
TRSY_034,Federal Republic of Germany,Germany,Sovereign,AAA,FVOCI,2-5Y,Rates +50bps,Parallel EUR yield-curve increase of 50 bps.,50,0,50,1853.549,1811.984,-41.565,-2.2424,-41.565,0.0,Prototype assumption: market-value movement is reflected in OCI; no immediate P&L impact is modelled.
TRSY_034,Federal Republic of Germany,Germany,Sovereign,AAA,FVOCI,2-5Y,Rates -50bps,Parallel EUR yield-curve decrease of 50 bps.,-50,0,-50,1853.549,1896.317,42.768,2.3074,42.768,0.0,Prototype assumption: market-value movement is reflected in OCI; no immediate P&L impact is modelled.
TRSY_034,Federal Republic of Germany,Germany,Sovereign,AAA,FVOCI,2-5Y,Credit spreads +75bps,Credit spread widening of 75 bps on non-sovereign holdings.,0,0,0,1853.549,1853.549,0.0,0.0,0.0,0.0,Prototype assumption: market-value movement is reflected in OCI; no immediate P&L impact is modelled.
TRSY_034,Federal Republic of Germany,Germany,Sovereign,AAA,FVOCI,2-5Y,Rates +50bps & spreads +75bps,Combined higher-rate and credit-spread stress.,50,0,50,1853.549,1811.984,-41.565,-2.2424,-41.565,0.0,Prototype assumption: market-value movement is reflected in OCI; no immediate P&L impact is modelled.
TRSY_035,DE Pfandbrief Bank A,Germany,Covered Bond,AAA,Amortised Cost,5-10Y,Rates +25bps,Parallel EUR yield-curve increase of 25 bps.,25,0,25,1377.834,1356.792,-21.042,-1.5272,0.0,0.0,Prototype assumption: market-rate valuation movement is economic value only; no immediate OCI/P&L impact is modelled.
TRSY_035,DE Pfandbrief Bank A,Germany,Covered Bond,AAA,Amortised Cost,5-10Y,Rates +50bps,Parallel EUR yield-curve increase of 50 bps.,50,0,50,1377.834,1336.149,-41.685,-3.0254,0.0,0.0,Prototype assumption: market-rate valuation movement is economic value only; no immediate OCI/P&L impact is modelled.
TRSY_035,DE Pfandbrief Bank A,Germany,Covered Bond,AAA,Amortised Cost,5-10Y,Rates -50bps,Parallel EUR yield-curve decrease of 50 bps.,-50,0,-50,1377.834,1421.113,43.279,3.1411,0.0,0.0,Prototype assumption: market-rate valuation movement is economic value only; no immediate OCI/P&L impact is modelled.
TRSY_035,DE Pfandbrief Bank A,Germany,Covered Bond,AAA,Amortised Cost,5-10Y,Credit spreads +75bps,Credit spread widening of 75 bps on non-sovereign holdings.,0,75,75,1377.834,1315.904,-61.93,-4.4947,0.0,0.0,Prototype assumption: market-rate valuation movement is economic value only; no immediate OCI/P&L impact is modelled.
TRSY_035,DE Pfandbrief Bank A,Germany,Covered Bond,AAA,Amortised Cost,5-10Y,Rates +50bps & spreads +75bps,Combined higher-rate and credit-spread stress.,50,75,125,1377.834,1276.611,-101.223,-7.3465,0.0,0.0,Prototype assumption: market-rate valuation movement is economic value only; no immediate OCI/P&L impact is modelled.
TRSY_036,French Republic,France,Sovereign,AA+,FVOCI,2-5Y,Rates +25bps,Parallel EUR yield-curve increase of 25 bps.,25,0,25,3400.976,3376.861,-24.115,-0.7091,-24.115,0.0,Prototype assumption: market-value movement is reflected in OCI; no immediate P&L impact is modelled.
TRSY_036,French Republic,France,Sovereign,AA+,FVOCI,2-5Y,Rates +50bps,Parallel EUR yield-curve increase of 50 bps.,50,0,50,3400.976,3352.98,-47.996,-1.4113,-47.996,0.0,Prototype assumption: market-value movement is reflected in OCI; no immediate P&L impact is modelled.
TRSY_036,French Republic,France,Sovereign,AA+,FVOCI,2-5Y,Rates -50bps,Parallel EUR yield-curve decrease of 50 bps.,-50,0,-50,3400.976,3449.907,48.931,1.4387,48.931,0.0,Prototype assumption: market-value movement is reflected in OCI; no immediate P&L impact is modelled.
TRSY_036,French Republic,France,Sovereign,AA+,FVOCI,2-5Y,Credit spreads +75bps,Credit spread widening of 75 bps on non-sovereign holdings.,0,0,0,3400.976,3400.976,0.0,0.0,0.0,0.0,Prototype assumption: market-value movement is reflected in OCI; no immediate P&L impact is modelled.
TRSY_036,French Republic,France,Sovereign,AA+,FVOCI,2-5Y,Rates +50bps & spreads +75bps,Combined higher-rate and credit-spread stress.,50,0,50,3400.976,3352.98,-47.996,-1.4113,-47.996,0.0,Prototype assumption: market-value movement is reflected in OCI; no immediate P&L impact is modelled.
TRSY_037,EU Utility A,Other EU,Corporate Bond,A,FVOCI,0-2Y,Rates +25bps,Parallel EUR yield-curve increase of 25 bps.,25,0,25,6113.602,6084.83,-28.772,-0.4706,-28.772,0.0,Prototype assumption: market-value movement is reflected in OCI; no immediate P&L impact is modelled.
TRSY_037,EU Utility A,Other EU,Corporate Bond,A,FVOCI,0-2Y,Rates +50bps,Parallel EUR yield-curve increase of 50 bps.,50,0,50,6113.602,6056.265,-57.337,-0.9379,-57.337,0.0,Prototype assumption: market-value movement is reflected in OCI; no immediate P&L impact is modelled.
TRSY_037,EU Utility A,Other EU,Corporate Bond,A,FVOCI,0-2Y,Rates -50bps,Parallel EUR yield-curve decrease of 50 bps.,-50,0,-50,6113.602,6171.769,58.167,0.9514,58.167,0.0,Prototype assumption: market-value movement is reflected in OCI; no immediate P&L impact is modelled.
TRSY_037,EU Utility A,Other EU,Corporate Bond,A,FVOCI,0-2Y,Credit spreads +75bps,Credit spread widening of 75 bps on non-sovereign holdings.,0,75,75,6113.602,6027.907,-85.695,-1.4017,-85.695,0.0,Prototype assumption: market-value movement is reflected in OCI; no immediate P&L impact is modelled.
TRSY_037,EU Utility A,Other EU,Corporate Bond,A,FVOCI,0-2Y,Rates +50bps & spreads +75bps,Combined higher-rate and credit-spread stress.,50,75,125,6113.602,5971.814,-141.788,-2.3192,-141.788,0.0,Prototype assumption: market-value movement is reflected in OCI; no immediate P&L impact is modelled.
TRSY_038,NWB Bank,Netherlands,Agency/Supranational,AA+,FVOCI,2-5Y,Rates +25bps,Parallel EUR yield-curve increase of 25 bps.,25,0,25,2031.803,2012.88,-18.923,-0.9313,-18.923,0.0,Prototype assumption: market-value movement is reflected in OCI; no immediate P&L impact is modelled.
TRSY_038,NWB Bank,Netherlands,Agency/Supranational,AA+,FVOCI,2-5Y,Rates +50bps,Parallel EUR yield-curve increase of 50 bps.,50,0,50,2031.803,1994.186,-37.617,-1.8514,-37.617,0.0,Prototype assumption: market-value movement is reflected in OCI; no immediate P&L impact is modelled.
TRSY_038,NWB Bank,Netherlands,Agency/Supranational,AA+,FVOCI,2-5Y,Rates -50bps,Parallel EUR yield-curve decrease of 50 bps.,-50,0,-50,2031.803,2070.334,38.531,1.8964,38.531,0.0,Prototype assumption: market-value movement is reflected in OCI; no immediate P&L impact is modelled.
TRSY_038,NWB Bank,Netherlands,Agency/Supranational,AA+,FVOCI,2-5Y,Credit spreads +75bps,Credit spread widening of 75 bps on non-sovereign holdings.,0,75,75,2031.803,1975.72,-56.083,-2.7603,-56.083,0.0,Prototype assumption: market-value movement is reflected in OCI; no immediate P&L impact is modelled.
TRSY_038,NWB Bank,Netherlands,Agency/Supranational,AA+,FVOCI,2-5Y,Rates +50bps & spreads +75bps,Combined higher-rate and credit-spread stress.,50,75,125,2031.803,1939.473,-92.33,-4.5442,-92.33,0.0,Prototype assumption: market-value movement is reflected in OCI; no immediate P&L impact is modelled.
TRSY_039,NL Covered Bank A,Netherlands,Covered Bond,AAA,Amortised Cost,5-10Y,Rates +25bps,Parallel EUR yield-curve increase of 25 bps.,25,0,25,1073.413,1056.812,-16.601,-1.5466,0.0,0.0,Prototype assumption: market-rate valuation movement is economic value only; no immediate OCI/P&L impact is modelled.
TRSY_039,NL Covered Bank A,Netherlands,Covered Bond,AAA,Amortised Cost,5-10Y,Rates +50bps,Parallel EUR yield-curve increase of 50 bps.,50,0,50,1073.413,1040.526,-32.887,-3.0637,0.0,0.0,Prototype assumption: market-rate valuation movement is economic value only; no immediate OCI/P&L impact is modelled.
TRSY_039,NL Covered Bank A,Netherlands,Covered Bond,AAA,Amortised Cost,5-10Y,Rates -50bps,Parallel EUR yield-curve decrease of 50 bps.,-50,0,-50,1073.413,1107.563,34.15,3.1815,0.0,0.0,Prototype assumption: market-rate valuation movement is economic value only; no immediate OCI/P&L impact is modelled.
TRSY_039,NL Covered Bank A,Netherlands,Covered Bond,AAA,Amortised Cost,5-10Y,Credit spreads +75bps,Credit spread widening of 75 bps on non-sovereign holdings.,0,75,75,1073.413,1024.557,-48.856,-4.5515,0.0,0.0,Prototype assumption: market-rate valuation movement is economic value only; no immediate OCI/P&L impact is modelled.
TRSY_039,NL Covered Bank A,Netherlands,Covered Bond,AAA,Amortised Cost,5-10Y,Rates +50bps & spreads +75bps,Combined higher-rate and credit-spread stress.,50,75,125,1073.413,993.565,-79.848,-7.4387,0.0,0.0,Prototype assumption: market-rate valuation movement is economic value only; no immediate OCI/P&L impact is modelled.
TRSY_040,NL Covered Bank A,Netherlands,Covered Bond,AAA,FVOCI,10Y+,Rates +25bps,Parallel EUR yield-curve increase of 25 bps.,25,0,25,2689.636,2624.146,-65.49,-2.4349,-65.49,0.0,Prototype assumption: market-value movement is reflected in OCI; no immediate P&L impact is modelled.
TRSY_040,NL Covered Bank A,Netherlands,Covered Bond,AAA,FVOCI,10Y+,Rates +50bps,Parallel EUR yield-curve increase of 50 bps.,50,0,50,2689.636,2560.631,-129.005,-4.7964,-129.005,0.0,Prototype assumption: market-value movement is reflected in OCI; no immediate P&L impact is modelled.
TRSY_040,NL Covered Bank A,Netherlands,Covered Bond,AAA,FVOCI,10Y+,Rates -50bps,Parallel EUR yield-curve decrease of 50 bps.,-50,0,-50,2689.636,2826.542,136.906,5.0901,136.906,0.0,Prototype assumption: market-value movement is reflected in OCI; no immediate P&L impact is modelled.
TRSY_040,NL Covered Bank A,Netherlands,Covered Bond,AAA,FVOCI,10Y+,Credit spreads +75bps,Credit spread widening of 75 bps on non-sovereign holdings.,0,75,75,2689.636,2499.092,-190.544,-7.0844,-190.544,0.0,Prototype assumption: market-value movement is reflected in OCI; no immediate P&L impact is modelled.
TRSY_040,NL Covered Bank A,Netherlands,Covered Bond,AAA,FVOCI,10Y+,Rates +50bps & spreads +75bps,Combined higher-rate and credit-spread stress.,50,75,125,2689.636,2381.939,-307.697,-11.4401,-307.697,0.0,Prototype assumption: market-value movement is reflected in OCI; no immediate P&L impact is modelled.
TRSY_041,DE Pfandbrief Bank A,Germany,Covered Bond,AA+,FVOCI,2-5Y,Rates +25bps,Parallel EUR yield-curve increase of 25 bps.,25,0,25,997.158,985.813,-11.345,-1.1377,-11.345,0.0,Prototype assumption: market-value movement is reflected in OCI; no immediate P&L impact is modelled.
TRSY_041,DE Pfandbrief Bank A,Germany,Covered Bond,AA+,FVOCI,2-5Y,Rates +50bps,Parallel EUR yield-curve increase of 50 bps.,50,0,50,997.158,974.631,-22.527,-2.2591,-22.527,0.0,Prototype assumption: market-value movement is reflected in OCI; no immediate P&L impact is modelled.
TRSY_041,DE Pfandbrief Bank A,Germany,Covered Bond,AA+,FVOCI,2-5Y,Rates -50bps,Parallel EUR yield-curve decrease of 50 bps.,-50,0,-50,997.158,1020.338,23.18,2.3246,23.18,0.0,Prototype assumption: market-value movement is reflected in OCI; no immediate P&L impact is modelled.
TRSY_041,DE Pfandbrief Bank A,Germany,Covered Bond,AA+,FVOCI,2-5Y,Credit spreads +75bps,Credit spread widening of 75 bps on non-sovereign holdings.,0,75,75,997.158,963.612,-33.546,-3.3642,-33.546,0.0,Prototype assumption: market-value movement is reflected in OCI; no immediate P&L impact is modelled.
TRSY_041,DE Pfandbrief Bank A,Germany,Covered Bond,AA+,FVOCI,2-5Y,Rates +50bps & spreads +75bps,Combined higher-rate and credit-spread stress.,50,75,125,997.158,942.063,-55.095,-5.5252,-55.095,0.0,Prototype assumption: market-value movement is reflected in OCI; no immediate P&L impact is modelled.
TRSY_042,FR Energy A,France,Corporate Bond,A,FVOCI,5-10Y,Rates +25bps,Parallel EUR yield-curve increase of 25 bps.,25,0,25,5698.584,5586.532,-112.052,-1.9663,-112.052,0.0,Prototype assumption: market-value movement is reflected in OCI; no immediate P&L impact is modelled.
TRSY_042,FR Energy A,France,Corporate Bond,A,FVOCI,5-10Y,Rates +50bps,Parallel EUR yield-curve increase of 50 bps.,50,0,50,5698.584,5477.278,-221.306,-3.8835,-221.306,0.0,Prototype assumption: market-value movement is reflected in OCI; no immediate P&L impact is modelled.
TRSY_042,FR Energy A,France,Corporate Bond,A,FVOCI,5-10Y,Rates -50bps,Parallel EUR yield-curve decrease of 50 bps.,-50,0,-50,5698.584,5931.085,232.501,4.08,232.501,0.0,Prototype assumption: market-value movement is reflected in OCI; no immediate P&L impact is modelled.
TRSY_042,FR Energy A,France,Corporate Bond,A,FVOCI,5-10Y,Credit spreads +75bps,Credit spread widening of 75 bps on non-sovereign holdings.,0,75,75,5698.584,5370.824,-327.76,-5.7516,-327.76,0.0,Prototype assumption: market-value movement is reflected in OCI; no immediate P&L impact is modelled.
TRSY_042,FR Energy A,France,Corporate Bond,A,FVOCI,5-10Y,Rates +50bps & spreads +75bps,Combined higher-rate and credit-spread stress.,50,75,125,5698.584,5166.311,-532.273,-9.3404,-532.273,0.0,Prototype assumption: market-value movement is reflected in OCI; no immediate P&L impact is modelled.
TRSY_043,BE Covered Bank A,Belgium,Covered Bond,AAA,FVOCI,5-10Y,Rates +25bps,Parallel EUR yield-curve increase of 25 bps.,25,0,25,2447.554,2410.789,-36.765,-1.5021,-36.765,0.0,Prototype assumption: market-value movement is reflected in OCI; no immediate P&L impact is modelled.
TRSY_043,BE Covered Bank A,Belgium,Covered Bond,AAA,FVOCI,5-10Y,Rates +50bps,Parallel EUR yield-curve increase of 50 bps.,50,0,50,2447.554,2374.716,-72.838,-2.976,-72.838,0.0,Prototype assumption: market-value movement is reflected in OCI; no immediate P&L impact is modelled.
TRSY_043,BE Covered Bank A,Belgium,Covered Bond,AAA,FVOCI,5-10Y,Rates -50bps,Parallel EUR yield-curve decrease of 50 bps.,-50,0,-50,2447.554,2523.157,75.603,3.0889,75.603,0.0,Prototype assumption: market-value movement is reflected in OCI; no immediate P&L impact is modelled.
TRSY_043,BE Covered Bank A,Belgium,Covered Bond,AAA,FVOCI,5-10Y,Credit spreads +75bps,Credit spread widening of 75 bps on non-sovereign holdings.,0,75,75,2447.554,2339.333,-108.221,-4.4216,-108.221,0.0,Prototype assumption: market-value movement is reflected in OCI; no immediate P&L impact is modelled.
TRSY_043,BE Covered Bank A,Belgium,Covered Bond,AAA,FVOCI,5-10Y,Rates +50bps & spreads +75bps,Combined higher-rate and credit-spread stress.,50,75,125,2447.554,2270.642,-176.912,-7.2281,-176.912,0.0,Prototype assumption: market-value movement is reflected in OCI; no immediate P&L impact is modelled.
TRSY_044,NRW.Bank,Germany,Agency/Supranational,AAA,FVOCI,10Y+,Rates +25bps,Parallel EUR yield-curve increase of 25 bps.,25,0,25,5124.895,5002.851,-122.044,-2.3814,-122.044,0.0,Prototype assumption: market-value movement is reflected in OCI; no immediate P&L impact is modelled.
TRSY_044,NRW.Bank,Germany,Agency/Supranational,AAA,FVOCI,10Y+,Rates +50bps,Parallel EUR yield-curve increase of 50 bps.,50,0,50,5124.895,4884.452,-240.443,-4.6917,-240.443,0.0,Prototype assumption: market-value movement is reflected in OCI; no immediate P&L impact is modelled.
TRSY_044,NRW.Bank,Germany,Agency/Supranational,AAA,FVOCI,10Y+,Rates -50bps,Parallel EUR yield-curve decrease of 50 bps.,-50,0,-50,5124.895,5379.922,255.027,4.9762,255.027,0.0,Prototype assumption: market-value movement is reflected in OCI; no immediate P&L impact is modelled.
TRSY_044,NRW.Bank,Germany,Agency/Supranational,AAA,FVOCI,10Y+,Credit spreads +75bps,Credit spread widening of 75 bps on non-sovereign holdings.,0,75,75,5124.895,4769.7,-355.195,-6.9308,-355.195,0.0,Prototype assumption: market-value movement is reflected in OCI; no immediate P&L impact is modelled.
TRSY_044,NRW.Bank,Germany,Agency/Supranational,AAA,FVOCI,10Y+,Rates +50bps & spreads +75bps,Combined higher-rate and credit-spread stress.,50,75,125,5124.895,4551.133,-573.762,-11.1956,-573.762,0.0,Prototype assumption: market-value movement is reflected in OCI; no immediate P&L impact is modelled.
TRSY_045,French Republic,France,Sovereign,AAA,Amortised Cost,5-10Y,Rates +25bps,Parallel EUR yield-curve increase of 25 bps.,25,0,25,1191.726,1171.467,-20.259,-1.7,0.0,0.0,Prototype assumption: market-rate valuation movement is economic value only; no immediate OCI/P&L impact is modelled.
TRSY_045,French Republic,France,Sovereign,AAA,Amortised Cost,5-10Y,Rates +50bps,Parallel EUR yield-curve increase of 50 bps.,50,0,50,1191.726,1151.636,-40.09,-3.3641,0.0,0.0,Prototype assumption: market-rate valuation movement is economic value only; no immediate OCI/P&L impact is modelled.
TRSY_045,French Republic,France,Sovereign,AAA,Amortised Cost,5-10Y,Rates -50bps,Parallel EUR yield-curve decrease of 50 bps.,-50,0,-50,1191.726,1233.526,41.8,3.5075,0.0,0.0,Prototype assumption: market-rate valuation movement is economic value only; no immediate OCI/P&L impact is modelled.
TRSY_045,French Republic,France,Sovereign,AAA,Amortised Cost,5-10Y,Credit spreads +75bps,Credit spread widening of 75 bps on non-sovereign holdings.,0,0,0,1191.726,1191.726,0.0,0.0,0.0,0.0,Prototype assumption: market-rate valuation movement is economic value only; no immediate OCI/P&L impact is modelled.
TRSY_045,French Republic,France,Sovereign,AAA,Amortised Cost,5-10Y,Rates +50bps & spreads +75bps,Combined higher-rate and credit-spread stress.,50,0,50,1191.726,1151.636,-40.09,-3.3641,0.0,0.0,Prototype assumption: market-rate valuation movement is economic value only; no immediate OCI/P&L impact is modelled.
TRSY_046,NL Covered Bank B,Netherlands,Covered Bond,AA+,FVOCI,2-5Y,Rates +25bps,Parallel EUR yield-curve increase of 25 bps.,25,0,25,2570.778,2541.679,-29.099,-1.1319,-29.099,0.0,Prototype assumption: market-value movement is reflected in OCI; no immediate P&L impact is modelled.
TRSY_046,NL Covered Bank B,Netherlands,Covered Bond,AA+,FVOCI,2-5Y,Rates +50bps,Parallel EUR yield-curve increase of 50 bps.,50,0,50,2570.778,2512.997,-57.781,-2.2476,-57.781,0.0,Prototype assumption: market-value movement is reflected in OCI; no immediate P&L impact is modelled.
TRSY_046,NL Covered Bank B,Netherlands,Covered Bond,AA+,FVOCI,2-5Y,Rates -50bps,Parallel EUR yield-curve decrease of 50 bps.,-50,0,-50,2570.778,2630.23,59.452,2.3126,59.452,0.0,Prototype assumption: market-value movement is reflected in OCI; no immediate P&L impact is modelled.
TRSY_046,NL Covered Bank B,Netherlands,Covered Bond,AA+,FVOCI,2-5Y,Credit spreads +75bps,Credit spread widening of 75 bps on non-sovereign holdings.,0,75,75,2570.778,2484.733,-86.045,-3.347,-86.045,0.0,Prototype assumption: market-value movement is reflected in OCI; no immediate P&L impact is modelled.
TRSY_046,NL Covered Bank B,Netherlands,Covered Bond,AA+,FVOCI,2-5Y,Rates +50bps & spreads +75bps,Combined higher-rate and credit-spread stress.,50,75,125,2570.778,2429.459,-141.319,-5.4971,-141.319,0.0,Prototype assumption: market-value movement is reflected in OCI; no immediate P&L impact is modelled.
TRSY_047,FR Industrial A,France,Corporate Bond,BBB,FVOCI,0-2Y,Rates +25bps,Parallel EUR yield-curve increase of 25 bps.,25,0,25,3575.934,3567.375,-8.559,-0.2393,-8.559,0.0,Prototype assumption: market-value movement is reflected in OCI; no immediate P&L impact is modelled.
TRSY_047,FR Industrial A,France,Corporate Bond,BBB,FVOCI,0-2Y,Rates +50bps,Parallel EUR yield-curve increase of 50 bps.,50,0,50,3575.934,3558.857,-17.077,-0.4775,-17.077,0.0,Prototype assumption: market-value movement is reflected in OCI; no immediate P&L impact is modelled.
TRSY_047,FR Industrial A,France,Corporate Bond,BBB,FVOCI,0-2Y,Rates -50bps,Parallel EUR yield-curve decrease of 50 bps.,-50,0,-50,3575.934,3593.175,17.241,0.4822,17.241,0.0,Prototype assumption: market-value movement is reflected in OCI; no immediate P&L impact is modelled.
TRSY_047,FR Industrial A,France,Corporate Bond,BBB,FVOCI,0-2Y,Credit spreads +75bps,Credit spread widening of 75 bps on non-sovereign holdings.,0,75,75,3575.934,3550.381,-25.553,-0.7146,-25.553,0.0,Prototype assumption: market-value movement is reflected in OCI; no immediate P&L impact is modelled.
TRSY_047,FR Industrial A,France,Corporate Bond,BBB,FVOCI,0-2Y,Rates +50bps & spreads +75bps,Combined higher-rate and credit-spread stress.,50,75,125,3575.934,3533.551,-42.383,-1.1852,-42.383,0.0,Prototype assumption: market-value movement is reflected in OCI; no immediate P&L impact is modelled.
TRSY_048,NL Telecom A,Netherlands,Corporate Bond,AA,FVOCI,2-5Y,Rates +25bps,Parallel EUR yield-curve increase of 25 bps.,25,0,25,1622.55,1607.641,-14.909,-0.9188,-14.909,0.0,Prototype assumption: market-value movement is reflected in OCI; no immediate P&L impact is modelled.
TRSY_048,NL Telecom A,Netherlands,Corporate Bond,AA,FVOCI,2-5Y,Rates +50bps,Parallel EUR yield-curve increase of 50 bps.,50,0,50,1622.55,1592.911,-29.639,-1.8267,-29.639,0.0,Prototype assumption: market-value movement is reflected in OCI; no immediate P&L impact is modelled.
TRSY_048,NL Telecom A,Netherlands,Corporate Bond,AA,FVOCI,2-5Y,Rates -50bps,Parallel EUR yield-curve decrease of 50 bps.,-50,0,-50,1622.55,1652.903,30.353,1.8707,30.353,0.0,Prototype assumption: market-value movement is reflected in OCI; no immediate P&L impact is modelled.
TRSY_048,NL Telecom A,Netherlands,Corporate Bond,AA,FVOCI,2-5Y,Credit spreads +75bps,Credit spread widening of 75 bps on non-sovereign holdings.,0,75,75,1622.55,1578.36,-44.19,-2.7235,-44.19,0.0,Prototype assumption: market-value movement is reflected in OCI; no immediate P&L impact is modelled.
TRSY_048,NL Telecom A,Netherlands,Corporate Bond,AA,FVOCI,2-5Y,Rates +50bps & spreads +75bps,Combined higher-rate and credit-spread stress.,50,75,125,1622.55,1549.792,-72.758,-4.4842,-72.758,0.0,Prototype assumption: market-value movement is reflected in OCI; no immediate P&L impact is modelled.
TRSY_049,French Republic,France,Sovereign,AA,FVOCI,10Y+,Rates +25bps,Parallel EUR yield-curve increase of 25 bps.,25,0,25,759.91,738.804,-21.106,-2.7774,-21.106,0.0,Prototype assumption: market-value movement is reflected in OCI; no immediate P&L impact is modelled.
TRSY_049,French Republic,France,Sovereign,AA,FVOCI,10Y+,Rates +50bps,Parallel EUR yield-curve increase of 50 bps.,50,0,50,759.91,718.456,-41.454,-5.4551,-41.454,0.0,Prototype assumption: market-value movement is reflected in OCI; no immediate P&L impact is modelled.
TRSY_049,French Republic,France,Sovereign,AA,FVOCI,10Y+,Rates -50bps,Parallel EUR yield-curve decrease of 50 bps.,-50,0,-50,759.91,804.395,44.485,5.8539,44.485,0.0,Prototype assumption: market-value movement is reflected in OCI; no immediate P&L impact is modelled.
TRSY_049,French Republic,France,Sovereign,AA,FVOCI,10Y+,Credit spreads +75bps,Credit spread widening of 75 bps on non-sovereign holdings.,0,0,0,759.91,759.91,0.0,0.0,0.0,0.0,Prototype assumption: market-value movement is reflected in OCI; no immediate P&L impact is modelled.
TRSY_049,French Republic,France,Sovereign,AA,FVOCI,10Y+,Rates +50bps & spreads +75bps,Combined higher-rate and credit-spread stress.,50,0,50,759.91,718.456,-41.454,-5.4551,-41.454,0.0,Prototype assumption: market-value movement is reflected in OCI; no immediate P&L impact is modelled.
TRSY_050,DE Industrial A,Germany,Corporate Bond,A,Amortised Cost,5-10Y,Rates +25bps,Parallel EUR yield-curve increase of 25 bps.,25,0,25,816.933,800.429,-16.504,-2.0202,0.0,0.0,Prototype assumption: market-rate valuation movement is economic value only; no immediate OCI/P&L impact is modelled.
TRSY_050,DE Industrial A,Germany,Corporate Bond,A,Amortised Cost,5-10Y,Rates +50bps,Parallel EUR yield-curve increase of 50 bps.,50,0,50,816.933,784.342,-32.591,-3.9894,0.0,0.0,Prototype assumption: market-rate valuation movement is economic value only; no immediate OCI/P&L impact is modelled.
TRSY_050,DE Industrial A,Germany,Corporate Bond,A,Amortised Cost,5-10Y,Rates -50bps,Parallel EUR yield-curve decrease of 50 bps.,-50,0,-50,816.933,851.192,34.259,4.1936,0.0,0.0,Prototype assumption: market-rate valuation movement is economic value only; no immediate OCI/P&L impact is modelled.
TRSY_050,DE Industrial A,Germany,Corporate Bond,A,Amortised Cost,5-10Y,Credit spreads +75bps,Credit spread widening of 75 bps on non-sovereign holdings.,0,75,75,816.933,768.673,-48.26,-5.9075,0.0,0.0,Prototype assumption: market-rate valuation movement is economic value only; no immediate OCI/P&L impact is modelled.
TRSY_050,DE Industrial A,Germany,Corporate Bond,A,Amortised Cost,5-10Y,Rates +50bps & spreads +75bps,Combined higher-rate and credit-spread stress.,50,75,125,816.933,738.585,-78.348,-9.5905,0.0,0.0,Prototype assumption: market-rate valuation movement is economic value only; no immediate OCI/P&L impact is modelled.
TRSY_051,EU Infrastructure A,Other EU,Corporate Bond,BBB,FVOCI,0-2Y,Rates +25bps,Parallel EUR yield-curve increase of 25 bps.,25,0,25,1801.846,1793.404,-8.442,-0.4685,-8.442,0.0,Prototype assumption: market-value movement is reflected in OCI; no immediate P&L impact is modelled.
TRSY_051,EU Infrastructure A,Other EU,Corporate Bond,BBB,FVOCI,0-2Y,Rates +50bps,Parallel EUR yield-curve increase of 50 bps.,50,0,50,1801.846,1785.023,-16.823,-0.9337,-16.823,0.0,Prototype assumption: market-value movement is reflected in OCI; no immediate P&L impact is modelled.
TRSY_051,EU Infrastructure A,Other EU,Corporate Bond,BBB,FVOCI,0-2Y,Rates -50bps,Parallel EUR yield-curve decrease of 50 bps.,-50,0,-50,1801.846,1818.912,17.066,0.9471,17.066,0.0,Prototype assumption: market-value movement is reflected in OCI; no immediate P&L impact is modelled.
TRSY_051,EU Infrastructure A,Other EU,Corporate Bond,BBB,FVOCI,0-2Y,Credit spreads +75bps,Credit spread widening of 75 bps on non-sovereign holdings.,0,75,75,1801.846,1776.702,-25.144,-1.3955,-25.144,0.0,Prototype assumption: market-value movement is reflected in OCI; no immediate P&L impact is modelled.
TRSY_051,EU Infrastructure A,Other EU,Corporate Bond,BBB,FVOCI,0-2Y,Rates +50bps & spreads +75bps,Combined higher-rate and credit-spread stress.,50,75,125,1801.846,1760.242,-41.604,-2.309,-41.604,0.0,Prototype assumption: market-value movement is reflected in OCI; no immediate P&L impact is modelled.
TRSY_052,French Republic,France,Sovereign,AA,FVOCI,0-2Y,Rates +25bps,Parallel EUR yield-curve increase of 25 bps.,25,0,25,1465.119,1461.563,-3.556,-0.2427,-3.556,0.0,Prototype assumption: market-value movement is reflected in OCI; no immediate P&L impact is modelled.
TRSY_052,French Republic,France,Sovereign,AA,FVOCI,0-2Y,Rates +50bps,Parallel EUR yield-curve increase of 50 bps.,50,0,50,1465.119,1458.024,-7.095,-0.4842,-7.095,0.0,Prototype assumption: market-value movement is reflected in OCI; no immediate P&L impact is modelled.
TRSY_052,French Republic,France,Sovereign,AA,FVOCI,0-2Y,Rates -50bps,Parallel EUR yield-curve decrease of 50 bps.,-50,0,-50,1465.119,1472.283,7.164,0.489,7.164,0.0,Prototype assumption: market-value movement is reflected in OCI; no immediate P&L impact is modelled.
TRSY_052,French Republic,France,Sovereign,AA,FVOCI,0-2Y,Credit spreads +75bps,Credit spread widening of 75 bps on non-sovereign holdings.,0,0,0,1465.119,1465.119,0.0,0.0,0.0,0.0,Prototype assumption: market-value movement is reflected in OCI; no immediate P&L impact is modelled.
TRSY_052,French Republic,France,Sovereign,AA,FVOCI,0-2Y,Rates +50bps & spreads +75bps,Combined higher-rate and credit-spread stress.,50,0,50,1465.119,1458.024,-7.095,-0.4842,-7.095,0.0,Prototype assumption: market-value movement is reflected in OCI; no immediate P&L impact is modelled.
